Date,Ticker,T_5,T_4,T_3,T_2,T_1,Price,P_1
2023-03-16,S&P,3918.320068359375,3861.590087890625,3855.760009765625,3919.2900390625,3891.929931640625,3960.280029296875,3916.639892578125
2023-03-16,NVDA,234.3600006103516,229.6499938964844,229.66000366210935,240.6300048828125,242.27999877929688,255.41000366210935,257.25
2023-03-16,S&P,3918.320068359375,3861.590087890625,3855.760009765625,3919.2900390625,3891.929931640625,3960.280029296875,3916.639892578125
2023-03-16,S&P,3918.320068359375,3861.590087890625,3855.760009765625,3919.2900390625,3891.929931640625,3960.280029296875,3916.639892578125
2023-03-16,S&P,3918.320068359375,3861.590087890625,3855.760009765625,3919.2900390625,3891.929931640625,3960.280029296875,3916.639892578125
2023-03-16,S&P,3918.320068359375,3861.590087890625,3855.760009765625,3919.2900390625,3891.929931640625,3960.280029296875,3916.639892578125
2023-03-17,S&P,3861.590087890625,3855.760009765625,3919.2900390625,3891.929931640625,3960.280029296875,3916.639892578125,3951.570068359375
2023-03-17,S&P,3861.590087890625,3855.760009765625,3919.2900390625,3891.929931640625,3960.280029296875,3916.639892578125,3951.570068359375
2023-03-17,S&P,3861.590087890625,3855.760009765625,3919.2900390625,3891.929931640625,3960.280029296875,3916.639892578125,3951.570068359375
2023-03-17,S&P,3861.590087890625,3855.760009765625,3919.2900390625,3891.929931640625,3960.280029296875,3916.639892578125,3951.570068359375
2023-03-17,S&P,3861.590087890625,3855.760009765625,3919.2900390625,3891.929931640625,3960.280029296875,3916.639892578125,3951.570068359375
2023-03-17,S&P,3861.590087890625,3855.760009765625,3919.2900390625,3891.929931640625,3960.280029296875,3916.639892578125,3951.570068359375
2023-03-17,S&P,3861.590087890625,3855.760009765625,3919.2900390625,3891.929931640625,3960.280029296875,3916.639892578125,3951.570068359375
2023-03-17,DD,70.33999633789062,69.25,70.30000305175781,67.83999633789062,69.22000122070312,67.55000305175781,68.93000030517578
2023-03-17,NVDA,229.6499938964844,229.66000366210935,240.6300048828125,242.27999877929688,255.41000366210935,257.25,259.0
2023-03-17,S&P,3861.590087890625,3855.760009765625,3919.2900390625,3891.929931640625,3960.280029296875,3916.639892578125,3951.570068359375
2023-03-17,UBS,20.34000015258789,19.36000061035156,19.989999771118164,18.729999542236328,19.26000022888184,18.200000762939453,18.799999237060547
2023-03-20,S&P,3855.760009765625,3919.2900390625,3891.929931640625,3960.280029296875,3916.639892578125,3951.570068359375,4002.8701171875
2023-03-20,NVDA,229.66000366210935,240.6300048828125,242.27999877929688,255.41000366210935,257.25,259.0,261.989990234375
2023-03-20,AMD,82.01000213623047,87.44999694824219,89.68000030517578,96.5999984741211,97.83999633789062,96.80999755859376,95.93000030517578
2023-03-20,S&P,3855.760009765625,3919.2900390625,3891.929931640625,3960.280029296875,3916.639892578125,3951.570068359375,4002.8701171875
2023-03-20,S&P,3855.760009765625,3919.2900390625,3891.929931640625,3960.280029296875,3916.639892578125,3951.570068359375,4002.8701171875
2023-03-20,UBS,19.36000061035156,19.989999771118164,18.729999542236328,19.26000022888184,18.200000762939453,18.799999237060547,21.049999237060547
2023-03-20,S&P,3855.760009765625,3919.2900390625,3891.929931640625,3960.280029296875,3916.639892578125,3951.570068359375,4002.8701171875
2023-03-21,NVDA,240.6300048828125,242.27999877929688,255.41000366210935,257.25,259.0,261.989990234375,264.67999267578125
2023-03-21,S&P,3919.2900390625,3891.929931640625,3960.280029296875,3916.639892578125,3951.570068359375,4002.8701171875,3936.969970703125
2023-03-21,S&P,3919.2900390625,3891.929931640625,3960.280029296875,3916.639892578125,3951.570068359375,4002.8701171875,3936.969970703125
2023-03-21,S&P,3919.2900390625,3891.929931640625,3960.280029296875,3916.639892578125,3951.570068359375,4002.8701171875,3936.969970703125
2023-03-21,S&P,3919.2900390625,3891.929931640625,3960.280029296875,3916.639892578125,3951.570068359375,4002.8701171875,3936.969970703125
2023-03-21,DD,70.30000305175781,67.83999633789062,69.22000122070312,67.55000305175781,68.93000030517578,69.66999816894531,68.19999694824219
2023-03-21,S&P,3919.2900390625,3891.929931640625,3960.280029296875,3916.639892578125,3951.570068359375,4002.8701171875,3936.969970703125
2023-03-21,S&P,3919.2900390625,3891.929931640625,3960.280029296875,3916.639892578125,3951.570068359375,4002.8701171875,3936.969970703125
2023-03-21,UBS,19.989999771118164,18.729999542236328,19.26000022888184,18.200000762939453,18.799999237060547,21.049999237060547,20.399999618530277
2023-03-21,S&P,3919.2900390625,3891.929931640625,3960.280029296875,3916.639892578125,3951.570068359375,4002.8701171875,3936.969970703125
2023-03-22,NVDA,242.27999877929688,255.41000366210935,257.25,259.0,261.989990234375,264.67999267578125,271.9100036621094
2023-03-22,AMD,89.68000030517578,96.5999984741211,97.83999633789062,96.80999755859376,95.93000030517578,97.58000183105467,100.27999877929688
2023-03-22,S&P,3891.929931640625,3960.280029296875,3916.639892578125,3951.570068359375,4002.8701171875,3936.969970703125,3948.719970703125
2023-03-22,S&P,3891.929931640625,3960.280029296875,3916.639892578125,3951.570068359375,4002.8701171875,3936.969970703125,3948.719970703125
2023-03-22,S&P,3891.929931640625,3960.280029296875,3916.639892578125,3951.570068359375,4002.8701171875,3936.969970703125,3948.719970703125
2023-03-22,S&P,3891.929931640625,3960.280029296875,3916.639892578125,3951.570068359375,4002.8701171875,3936.969970703125,3948.719970703125
2023-03-22,DD,67.83999633789062,69.22000122070312,67.55000305175781,68.93000030517578,69.66999816894531,68.19999694824219,68.36000061035156
2023-03-22,S&P,3891.929931640625,3960.280029296875,3916.639892578125,3951.570068359375,4002.8701171875,3936.969970703125,3948.719970703125
2023-03-22,S&P,3891.929931640625,3960.280029296875,3916.639892578125,3951.570068359375,4002.8701171875,3936.969970703125,3948.719970703125
2023-03-22,UBS,18.729999542236328,19.26000022888184,18.200000762939453,18.799999237060547,21.049999237060547,20.399999618530277,19.170000076293945
2023-03-22,S&P,3891.929931640625,3960.280029296875,3916.639892578125,3951.570068359375,4002.8701171875,3936.969970703125,3948.719970703125
2023-03-23,NVDA,255.41000366210935,257.25,259.0,261.989990234375,264.67999267578125,271.9100036621094,267.7900085449219
2023-03-23,AMD,96.5999984741211,97.83999633789062,96.80999755859376,95.93000030517578,97.58000183105467,100.27999877929688,97.9499969482422
2023-03-23,S&P,3960.280029296875,3916.639892578125,3951.570068359375,4002.8701171875,3936.969970703125,3948.719970703125,3970.989990234375
2023-03-23,S&P,3960.280029296875,3916.639892578125,3951.570068359375,4002.8701171875,3936.969970703125,3948.719970703125,3970.989990234375
2023-03-23,S&P,3960.280029296875,3916.639892578125,3951.570068359375,4002.8701171875,3936.969970703125,3948.719970703125,3970.989990234375
2023-03-23,S&P,3960.280029296875,3916.639892578125,3951.570068359375,4002.8701171875,3936.969970703125,3948.719970703125,3970.989990234375
2023-03-23,S&P,3960.280029296875,3916.639892578125,3951.570068359375,4002.8701171875,3936.969970703125,3948.719970703125,3970.989990234375
2023-03-23,TSLA,184.1300048828125,180.1300048828125,183.25,197.5800018310547,191.1499938964844,192.22000122070312,190.41000366210932
2023-03-23,S&P,3960.280029296875,3916.639892578125,3951.570068359375,4002.8701171875,3936.969970703125,3948.719970703125,3970.989990234375
2023-03-23,S&P,3960.280029296875,3916.639892578125,3951.570068359375,4002.8701171875,3936.969970703125,3948.719970703125,3970.989990234375
2023-03-24,NVDA,257.25,259.0,261.989990234375,264.67999267578125,271.9100036621094,267.7900085449219,265.3099975585937
2023-03-24,S&P,3916.639892578125,3951.570068359375,4002.8701171875,3936.969970703125,3948.719970703125,3970.989990234375,3977.530029296875
2023-03-24,S&P,3916.639892578125,3951.570068359375,4002.8701171875,3936.969970703125,3948.719970703125,3970.989990234375,3977.530029296875
2023-03-24,S&P,3916.639892578125,3951.570068359375,4002.8701171875,3936.969970703125,3948.719970703125,3970.989990234375,3977.530029296875
2023-03-24,S&P,3916.639892578125,3951.570068359375,4002.8701171875,3936.969970703125,3948.719970703125,3970.989990234375,3977.530029296875
2023-03-24,META,195.6100006103516,197.80999755859372,202.16000366210935,199.80999755859372,204.27999877929688,206.00999450683597,202.83999633789065
2023-03-24,S&P,3916.639892578125,3951.570068359375,4002.8701171875,3936.969970703125,3948.719970703125,3970.989990234375,3977.530029296875
2023-03-24,S&P,3916.639892578125,3951.570068359375,4002.8701171875,3936.969970703125,3948.719970703125,3970.989990234375,3977.530029296875
2023-03-24,S&P,3916.639892578125,3951.570068359375,4002.8701171875,3936.969970703125,3948.719970703125,3970.989990234375,3977.530029296875
2023-03-24,NVDA,257.25,259.0,261.989990234375,264.67999267578125,271.9100036621094,267.7900085449219,265.3099975585937
2023-03-24,S&P,3916.639892578125,3951.570068359375,4002.8701171875,3936.969970703125,3948.719970703125,3970.989990234375,3977.530029296875
2023-03-24,S&P,3916.639892578125,3951.570068359375,4002.8701171875,3936.969970703125,3948.719970703125,3970.989990234375,3977.530029296875
2023-03-24,S&P,3916.639892578125,3951.570068359375,4002.8701171875,3936.969970703125,3948.719970703125,3970.989990234375,3977.530029296875
2023-03-24,MSFT,279.42999267578125,272.2300109863281,273.7799987792969,272.2900085449219,277.6600036621094,280.57000732421875,276.3800048828125
2023-03-24,S&P,3916.639892578125,3951.570068359375,4002.8701171875,3936.969970703125,3948.719970703125,3970.989990234375,3977.530029296875
2023-03-24,META,195.6100006103516,197.80999755859372,202.16000366210935,199.80999755859372,204.27999877929688,206.00999450683597,202.83999633789065
2023-03-24,S&P,3916.639892578125,3951.570068359375,4002.8701171875,3936.969970703125,3948.719970703125,3970.989990234375,3977.530029296875
2023-03-24,S&P,3916.639892578125,3951.570068359375,4002.8701171875,3936.969970703125,3948.719970703125,3970.989990234375,3977.530029296875
2023-03-24,S&P,3916.639892578125,3951.570068359375,4002.8701171875,3936.969970703125,3948.719970703125,3970.989990234375,3977.530029296875
2023-03-24,S&P,3916.639892578125,3951.570068359375,4002.8701171875,3936.969970703125,3948.719970703125,3970.989990234375,3977.530029296875
2023-03-27,S&P,3951.570068359375,4002.8701171875,3936.969970703125,3948.719970703125,3970.989990234375,3977.530029296875,3971.27001953125
2023-03-27,S&P,3951.570068359375,4002.8701171875,3936.969970703125,3948.719970703125,3970.989990234375,3977.530029296875,3971.27001953125
2023-03-27,MSFT,272.2300109863281,273.7799987792969,272.2900085449219,277.6600036621094,280.57000732421875,276.3800048828125,275.2300109863281
2023-03-27,S&P,3951.570068359375,4002.8701171875,3936.969970703125,3948.719970703125,3970.989990234375,3977.530029296875,3971.27001953125
2023-03-27,S&P,3951.570068359375,4002.8701171875,3936.969970703125,3948.719970703125,3970.989990234375,3977.530029296875,3971.27001953125
2023-03-27,S&P,3951.570068359375,4002.8701171875,3936.969970703125,3948.719970703125,3970.989990234375,3977.530029296875,3971.27001953125
2023-03-27,S&P,3951.570068359375,4002.8701171875,3936.969970703125,3948.719970703125,3970.989990234375,3977.530029296875,3971.27001953125
2023-03-27,S&P,3951.570068359375,4002.8701171875,3936.969970703125,3948.719970703125,3970.989990234375,3977.530029296875,3971.27001953125
2023-03-27,DD,68.93000030517578,69.66999816894531,68.19999694824219,68.36000061035156,68.5999984741211,68.94000244140625,69.58000183105469
2023-03-27,S&P,3951.570068359375,4002.8701171875,3936.969970703125,3948.719970703125,3970.989990234375,3977.530029296875,3971.27001953125
2023-03-27,S&P,3951.570068359375,4002.8701171875,3936.969970703125,3948.719970703125,3970.989990234375,3977.530029296875,3971.27001953125
2023-03-27,TSLA,183.25,197.5800018310547,191.1499938964844,192.22000122070312,190.41000366210932,191.8099975585937,189.19000244140625
2023-03-27,S&P,3951.570068359375,4002.8701171875,3936.969970703125,3948.719970703125,3970.989990234375,3977.530029296875,3971.27001953125
2023-03-27,S&P,3951.570068359375,4002.8701171875,3936.969970703125,3948.719970703125,3970.989990234375,3977.530029296875,3971.27001953125
2023-04-03,NVDA,265.3099975585937,264.1000061035156,269.8399963378906,273.8299865722656,277.7699890136719,279.6499938964844,274.5299987792969
2023-04-03,S&P,3977.530029296875,3971.27001953125,4027.81005859375,4050.830078125,4109.31005859375,4124.509765625,4100.60009765625
2023-04-03,S&P,3977.530029296875,3971.27001953125,4027.81005859375,4050.830078125,4109.31005859375,4124.509765625,4100.60009765625
2023-04-03,S&P,3977.530029296875,3971.27001953125,4027.81005859375,4050.830078125,4109.31005859375,4124.509765625,4100.60009765625
2023-04-03,S&P,3977.530029296875,3971.27001953125,4027.81005859375,4050.830078125,4109.31005859375,4124.509765625,4100.60009765625
2023-04-03,S&P,3977.530029296875,3971.27001953125,4027.81005859375,4050.830078125,4109.31005859375,4124.509765625,4100.60009765625
2023-04-03,S&P,3977.530029296875,3971.27001953125,4027.81005859375,4050.830078125,4109.31005859375,4124.509765625,4100.60009765625
2023-04-03,S&P,3977.530029296875,3971.27001953125,4027.81005859375,4050.830078125,4109.31005859375,4124.509765625,4100.60009765625
2023-04-03,S&P,3977.530029296875,3971.27001953125,4027.81005859375,4050.830078125,4109.31005859375,4124.509765625,4100.60009765625
2023-04-03,S&P,3977.530029296875,3971.27001953125,4027.81005859375,4050.830078125,4109.31005859375,4124.509765625,4100.60009765625
2023-04-03,S&P,3977.530029296875,3971.27001953125,4027.81005859375,4050.830078125,4109.31005859375,4124.509765625,4100.60009765625
2023-04-03,DD,68.94000244140625,69.58000183105469,70.83000183105469,70.62999725341797,71.7699966430664,71.88999938964844,70.22000122070312
2023-04-03,S&P,3977.530029296875,3971.27001953125,4027.81005859375,4050.830078125,4109.31005859375,4124.509765625,4100.60009765625
2023-04-03,TSLA,191.8099975585937,189.19000244140625,193.8800048828125,195.27999877929688,207.4600067138672,194.7700042724609,192.5800018310547
2023-04-03,S&P,3977.530029296875,3971.27001953125,4027.81005859375,4050.830078125,4109.31005859375,4124.509765625,4100.60009765625
2023-04-03,S&P,3977.530029296875,3971.27001953125,4027.81005859375,4050.830078125,4109.31005859375,4124.509765625,4100.60009765625
2023-04-03,UBS,19.399999618530277,19.270000457763672,20.100000381469727,20.51000022888184,21.34000015258789,20.700000762939453,21.0
2023-06-09,S&P,4282.3701171875,4273.7900390625,4283.85009765625,4267.52001953125,4293.93017578125,4298.85986328125,4338.93017578125
2023-06-09,S&P,4282.3701171875,4273.7900390625,4283.85009765625,4267.52001953125,4293.93017578125,4298.85986328125,4338.93017578125
2023-06-09,S&P,4282.3701171875,4273.7900390625,4283.85009765625,4267.52001953125,4293.93017578125,4298.85986328125,4338.93017578125
2023-06-09,S&P,4282.3701171875,4273.7900390625,4283.85009765625,4267.52001953125,4293.93017578125,4298.85986328125,4338.93017578125
2023-06-09,S&P,4282.3701171875,4273.7900390625,4283.85009765625,4267.52001953125,4293.93017578125,4298.85986328125,4338.93017578125
2023-06-09,TSLA,213.97000122070312,217.6100006103516,221.3099975585937,224.57000732421875,234.8600006103516,244.3999938964844,249.8300018310547
2023-06-09,S&P,4282.3701171875,4273.7900390625,4283.85009765625,4267.52001953125,4293.93017578125,4298.85986328125,4338.93017578125
2023-06-09,S&P,4282.3701171875,4273.7900390625,4283.85009765625,4267.52001953125,4293.93017578125,4298.85986328125,4338.93017578125
2023-06-09,S&P,4282.3701171875,4273.7900390625,4283.85009765625,4267.52001953125,4293.93017578125,4298.85986328125,4338.93017578125
2023-06-09,S&P,4282.3701171875,4273.7900390625,4283.85009765625,4267.52001953125,4293.93017578125,4298.85986328125,4338.93017578125
2023-06-09,NVDA,393.2699890136719,391.7099914550781,386.5400085449219,374.75,385.1000061035156,387.7000122070313,394.8200073242188
2023-06-09,S&P,4282.3701171875,4273.7900390625,4283.85009765625,4267.52001953125,4293.93017578125,4298.85986328125,4338.93017578125
2023-06-09,S&P,4282.3701171875,4273.7900390625,4283.85009765625,4267.52001953125,4293.93017578125,4298.85986328125,4338.93017578125
2023-06-09,S&P,4282.3701171875,4273.7900390625,4283.85009765625,4267.52001953125,4293.93017578125,4298.85986328125,4338.93017578125
2023-06-09,S&P,4282.3701171875,4273.7900390625,4283.85009765625,4267.52001953125,4293.93017578125,4298.85986328125,4338.93017578125
2023-06-09,S&P,4282.3701171875,4273.7900390625,4283.85009765625,4267.52001953125,4293.93017578125,4298.85986328125,4338.93017578125
2023-06-09,S&P,4282.3701171875,4273.7900390625,4283.85009765625,4267.52001953125,4293.93017578125,4298.85986328125,4338.93017578125
2023-06-09,CVNA,15.68000030517578,15.0,14.779999732971191,15.529999732971191,24.229999542236328,19.06999969482422,21.26000022888184
2023-06-09,S&P,4282.3701171875,4273.7900390625,4283.85009765625,4267.52001953125,4293.93017578125,4298.85986328125,4338.93017578125
2023-06-09,S&P,4282.3701171875,4273.7900390625,4283.85009765625,4267.52001953125,4293.93017578125,4298.85986328125,4338.93017578125
2023-06-09,AAPL,180.9499969482422,179.5800018310547,179.2100067138672,177.82000732421875,180.57000732421875,180.9600067138672,183.7899932861328
2023-06-16,CVNA,19.06999969482422,21.26000022888184,23.51000022888184,23.399999618530277,26.3799991607666,25.31999969482422,23.520000457763672
2023-06-16,NVDA,387.7000122070313,394.8200073242188,410.2200012207031,429.9700012207031,426.5299987792969,426.9200134277344,438.0799865722656
2023-06-16,AMD,124.91999816894533,129.19000244140625,124.52999877929688,127.33000183105467,124.23999786376952,120.08000183105467,118.93000030517578
2023-06-16,S&P,4298.85986328125,4338.93017578125,4369.009765625,4372.58984375,4425.83984375,4409.58984375,4388.7099609375
2023-06-16,S&P,4298.85986328125,4338.93017578125,4369.009765625,4372.58984375,4425.83984375,4409.58984375,4388.7099609375
2023-06-16,S&P,4298.85986328125,4338.93017578125,4369.009765625,4372.58984375,4425.83984375,4409.58984375,4388.7099609375
2023-06-16,PYPL,63.4900016784668,63.72999954223633,63.560001373291016,63.59999847412109,65.8499984741211,66.43000030517578,68.88999938964844
2023-06-16,S&P,4298.85986328125,4338.93017578125,4369.009765625,4372.58984375,4425.83984375,4409.58984375,4388.7099609375
2023-06-16,S&P,4298.85986328125,4338.93017578125,4369.009765625,4372.58984375,4425.83984375,4409.58984375,4388.7099609375
2023-06-16,S&P,4298.85986328125,4338.93017578125,4369.009765625,4372.58984375,4425.83984375,4409.58984375,4388.7099609375
2023-06-16,S&P,4298.85986328125,4338.93017578125,4369.009765625,4372.58984375,4425.83984375,4409.58984375,4388.7099609375
2023-06-16,S&P,4298.85986328125,4338.93017578125,4369.009765625,4372.58984375,4425.83984375,4409.58984375,4388.7099609375
2023-06-16,S&P,4298.85986328125,4338.93017578125,4369.009765625,4372.58984375,4425.83984375,4409.58984375,4388.7099609375
2023-06-16,TSLA,244.3999938964844,249.8300018310547,258.7099914550781,256.7900085449219,255.8999938964844,260.5400085449219,274.45001220703125
2023-06-16,AAPL,180.9600067138672,183.7899932861328,183.30999755859372,183.9499969482422,186.00999450683597,184.9199981689453,185.00999450683597
2023-06-16,AMD,124.91999816894533,129.19000244140625,124.52999877929688,127.33000183105467,124.23999786376952,120.08000183105467,118.93000030517578
2023-06-16,S&P,4298.85986328125,4338.93017578125,4369.009765625,4372.58984375,4425.83984375,4409.58984375,4388.7099609375
2023-06-16,S&P,4298.85986328125,4338.93017578125,4369.009765625,4372.58984375,4425.83984375,4409.58984375,4388.7099609375
2023-06-16,PYPL,63.4900016784668,63.72999954223633,63.560001373291016,63.59999847412109,65.8499984741211,66.43000030517578,68.88999938964844
2023-06-16,S&P,4298.85986328125,4338.93017578125,4369.009765625,4372.58984375,4425.83984375,4409.58984375,4388.7099609375
2023-06-16,S&P,4298.85986328125,4338.93017578125,4369.009765625,4372.58984375,4425.83984375,4409.58984375,4388.7099609375
2023-06-16,S&P,4298.85986328125,4338.93017578125,4369.009765625,4372.58984375,4425.83984375,4409.58984375,4388.7099609375
2023-06-16,TSLA,244.3999938964844,249.8300018310547,258.7099914550781,256.7900085449219,255.8999938964844,260.5400085449219,274.45001220703125
2023-06-16,S&P,4298.85986328125,4338.93017578125,4369.009765625,4372.58984375,4425.83984375,4409.58984375,4388.7099609375
2023-06-16,UBS,20.190000534057617,20.290000915527344,20.280000686645508,20.489999771118164,20.420000076293945,20.40999984741211,20.09000015258789
2023-06-16,DD,69.66999816894531,69.72000122070312,70.7699966430664,69.94000244140625,69.70999908447266,69.41000366210938,68.69999694824219
2023-06-16,S&P,4298.85986328125,4338.93017578125,4369.009765625,4372.58984375,4425.83984375,4409.58984375,4388.7099609375
2023-06-16,NVDA,387.7000122070313,394.8200073242188,410.2200012207031,429.9700012207031,426.5299987792969,426.9200134277344,438.0799865722656
2023-06-16,S&P,4298.85986328125,4338.93017578125,4369.009765625,4372.58984375,4425.83984375,4409.58984375,4388.7099609375
2023-06-16,S&P,4298.85986328125,4338.93017578125,4369.009765625,4372.58984375,4425.83984375,4409.58984375,4388.7099609375
2023-06-16,S&P,4298.85986328125,4338.93017578125,4369.009765625,4372.58984375,4425.83984375,4409.58984375,4388.7099609375
2023-06-16,S&P,4298.85986328125,4338.93017578125,4369.009765625,4372.58984375,4425.83984375,4409.58984375,4388.7099609375
2023-06-16,S&P,4298.85986328125,4338.93017578125,4369.009765625,4372.58984375,4425.83984375,4409.58984375,4388.7099609375
2023-06-16,AAPL,180.9600067138672,183.7899932861328,183.30999755859372,183.9499969482422,186.00999450683597,184.9199981689453,185.00999450683597
2023-06-16,S&P,4298.85986328125,4338.93017578125,4369.009765625,4372.58984375,4425.83984375,4409.58984375,4388.7099609375
2023-06-20,AMD,129.19000244140625,124.52999877929688,127.33000183105467,124.23999786376952,120.08000183105467,118.93000030517578,112.11000061035156
2023-06-20,S&P,4338.93017578125,4369.009765625,4372.58984375,4425.83984375,4409.58984375,4388.7099609375,4365.68994140625
2023-06-20,S&P,4338.93017578125,4369.009765625,4372.58984375,4425.83984375,4409.58984375,4388.7099609375,4365.68994140625
2023-06-20,S&P,4338.93017578125,4369.009765625,4372.58984375,4425.83984375,4409.58984375,4388.7099609375,4365.68994140625
2023-06-20,S&P,4338.93017578125,4369.009765625,4372.58984375,4425.83984375,4409.58984375,4388.7099609375,4365.68994140625
2023-06-20,S&P,4338.93017578125,4369.009765625,4372.58984375,4425.83984375,4409.58984375,4388.7099609375,4365.68994140625
2023-06-20,TSLA,249.8300018310547,258.7099914550781,256.7900085449219,255.8999938964844,260.5400085449219,274.45001220703125,259.4599914550781
2023-06-20,S&P,4338.93017578125,4369.009765625,4372.58984375,4425.83984375,4409.58984375,4388.7099609375,4365.68994140625
2023-06-20,UBS,20.290000915527344,20.280000686645508,20.489999771118164,20.420000076293945,20.40999984741211,20.09000015258789,20.049999237060547
2023-06-20,DD,69.72000122070312,70.7699966430664,69.94000244140625,69.70999908447266,69.41000366210938,68.69999694824219,68.41999816894531
2023-06-20,S&P,4338.93017578125,4369.009765625,4372.58984375,4425.83984375,4409.58984375,4388.7099609375,4365.68994140625
2023-06-20,NVDA,394.8200073242188,410.2200012207031,429.9700012207031,426.5299987792969,426.9200134277344,438.0799865722656,430.4500122070313
2023-06-20,S&P,4338.93017578125,4369.009765625,4372.58984375,4425.83984375,4409.58984375,4388.7099609375,4365.68994140625
2023-06-20,S&P,4338.93017578125,4369.009765625,4372.58984375,4425.83984375,4409.58984375,4388.7099609375,4365.68994140625
2023-06-20,S&P,4338.93017578125,4369.009765625,4372.58984375,4425.83984375,4409.58984375,4388.7099609375,4365.68994140625
2023-06-20,S&P,4338.93017578125,4369.009765625,4372.58984375,4425.83984375,4409.58984375,4388.7099609375,4365.68994140625
2023-06-20,S&P,4338.93017578125,4369.009765625,4372.58984375,4425.83984375,4409.58984375,4388.7099609375,4365.68994140625
2023-06-20,AAPL,183.7899932861328,183.30999755859372,183.9499969482422,186.00999450683597,184.9199981689453,185.00999450683597,183.9600067138672
2023-06-20,S&P,4338.93017578125,4369.009765625,4372.58984375,4425.83984375,4409.58984375,4388.7099609375,4365.68994140625
2023-06-21,AMD,124.52999877929688,127.33000183105467,124.23999786376952,120.08000183105467,118.93000030517578,112.11000061035156,110.6999969482422
2023-06-21,S&P,4369.009765625,4372.58984375,4425.83984375,4409.58984375,4388.7099609375,4365.68994140625,4381.89013671875
2023-06-21,PYPL,63.560001373291016,63.59999847412109,65.8499984741211,66.43000030517578,68.88999938964844,68.19000244140625,68.56999969482422
2023-06-21,S&P,4369.009765625,4372.58984375,4425.83984375,4409.58984375,4388.7099609375,4365.68994140625,4381.89013671875
2023-06-21,S&P,4369.009765625,4372.58984375,4425.83984375,4409.58984375,4388.7099609375,4365.68994140625,4381.89013671875
2023-06-21,S&P,4369.009765625,4372.58984375,4425.83984375,4409.58984375,4388.7099609375,4365.68994140625,4381.89013671875
2023-06-21,S&P,4369.009765625,4372.58984375,4425.83984375,4409.58984375,4388.7099609375,4365.68994140625,4381.89013671875
2023-06-21,S&P,4369.009765625,4372.58984375,4425.83984375,4409.58984375,4388.7099609375,4365.68994140625,4381.89013671875
2023-06-21,S&P,4369.009765625,4372.58984375,4425.83984375,4409.58984375,4388.7099609375,4365.68994140625,4381.89013671875
2023-06-21,TSLA,258.7099914550781,256.7900085449219,255.8999938964844,260.5400085449219,274.45001220703125,259.4599914550781,264.6099853515625
2023-06-21,S&P,4369.009765625,4372.58984375,4425.83984375,4409.58984375,4388.7099609375,4365.68994140625,4381.89013671875
2023-06-21,S&P,4369.009765625,4372.58984375,4425.83984375,4409.58984375,4388.7099609375,4365.68994140625,4381.89013671875
2023-06-21,S&P,4369.009765625,4372.58984375,4425.83984375,4409.58984375,4388.7099609375,4365.68994140625,4381.89013671875
2023-06-21,S&P,4369.009765625,4372.58984375,4425.83984375,4409.58984375,4388.7099609375,4365.68994140625,4381.89013671875
2023-06-21,S&P,4369.009765625,4372.58984375,4425.83984375,4409.58984375,4388.7099609375,4365.68994140625,4381.89013671875
2023-06-21,NVDA,410.2200012207031,429.9700012207031,426.5299987792969,426.9200134277344,438.0799865722656,430.4500122070313,430.25
2023-06-21,S&P,4369.009765625,4372.58984375,4425.83984375,4409.58984375,4388.7099609375,4365.68994140625,4381.89013671875
2023-06-21,S&P,4369.009765625,4372.58984375,4425.83984375,4409.58984375,4388.7099609375,4365.68994140625,4381.89013671875
2023-06-21,S&P,4369.009765625,4372.58984375,4425.83984375,4409.58984375,4388.7099609375,4365.68994140625,4381.89013671875
2023-06-21,S&P,4369.009765625,4372.58984375,4425.83984375,4409.58984375,4388.7099609375,4365.68994140625,4381.89013671875
2023-06-21,S&P,4369.009765625,4372.58984375,4425.83984375,4409.58984375,4388.7099609375,4365.68994140625,4381.89013671875
2023-06-21,S&P,4369.009765625,4372.58984375,4425.83984375,4409.58984375,4388.7099609375,4365.68994140625,4381.89013671875
2023-06-21,S&P,4369.009765625,4372.58984375,4425.83984375,4409.58984375,4388.7099609375,4365.68994140625,4381.89013671875
2023-06-21,S&P,4369.009765625,4372.58984375,4425.83984375,4409.58984375,4388.7099609375,4365.68994140625,4381.89013671875
2023-06-21,S&P,4369.009765625,4372.58984375,4425.83984375,4409.58984375,4388.7099609375,4365.68994140625,4381.89013671875
2023-06-21,S&P,4369.009765625,4372.58984375,4425.83984375,4409.58984375,4388.7099609375,4365.68994140625,4381.89013671875
2023-06-21,S&P,4369.009765625,4372.58984375,4425.83984375,4409.58984375,4388.7099609375,4365.68994140625,4381.89013671875
2023-06-21,S&P,4369.009765625,4372.58984375,4425.83984375,4409.58984375,4388.7099609375,4365.68994140625,4381.89013671875
2023-06-23,S&P,4425.83984375,4409.58984375,4388.7099609375,4365.68994140625,4381.89013671875,4348.330078125,4328.81982421875
2023-06-23,META,281.8299865722656,281.0,284.3299865722656,281.6400146484375,284.8800048828125,288.7300109863281,278.4700012207031
2023-06-23,S&P,4425.83984375,4409.58984375,4388.7099609375,4365.68994140625,4381.89013671875,4348.330078125,4328.81982421875
2023-06-23,TSLA,255.8999938964844,260.5400085449219,274.45001220703125,259.4599914550781,264.6099853515625,256.6000061035156,241.0500030517578
2023-06-23,S&P,4425.83984375,4409.58984375,4388.7099609375,4365.68994140625,4381.89013671875,4348.330078125,4328.81982421875
2023-06-23,S&P,4425.83984375,4409.58984375,4388.7099609375,4365.68994140625,4381.89013671875,4348.330078125,4328.81982421875
2023-06-23,S&P,4425.83984375,4409.58984375,4388.7099609375,4365.68994140625,4381.89013671875,4348.330078125,4328.81982421875
2023-06-23,S&P,4425.83984375,4409.58984375,4388.7099609375,4365.68994140625,4381.89013671875,4348.330078125,4328.81982421875
2023-06-23,DD,69.70999908447266,69.41000366210938,68.69999694824219,68.41999816894531,67.83999633789062,67.77999877929688,67.80000305175781
2023-06-23,NVDA,426.5299987792969,426.9200134277344,438.0799865722656,430.4500122070313,430.25,422.0899963378906,406.3200073242188
2023-06-23,S&P,4425.83984375,4409.58984375,4388.7099609375,4365.68994140625,4381.89013671875,4348.330078125,4328.81982421875
2023-06-23,S&P,4425.83984375,4409.58984375,4388.7099609375,4365.68994140625,4381.89013671875,4348.330078125,4328.81982421875
2023-06-23,S&P,4425.83984375,4409.58984375,4388.7099609375,4365.68994140625,4381.89013671875,4348.330078125,4328.81982421875
2023-06-23,S&P,4425.83984375,4409.58984375,4388.7099609375,4365.68994140625,4381.89013671875,4348.330078125,4328.81982421875
2023-06-23,S&P,4425.83984375,4409.58984375,4388.7099609375,4365.68994140625,4381.89013671875,4348.330078125,4328.81982421875
2023-06-23,S&P,4425.83984375,4409.58984375,4388.7099609375,4365.68994140625,4381.89013671875,4348.330078125,4328.81982421875
2023-06-23,S&P,4425.83984375,4409.58984375,4388.7099609375,4365.68994140625,4381.89013671875,4348.330078125,4328.81982421875
2023-06-23,S&P,4425.83984375,4409.58984375,4388.7099609375,4365.68994140625,4381.89013671875,4348.330078125,4328.81982421875
2023-06-23,S&P,4425.83984375,4409.58984375,4388.7099609375,4365.68994140625,4381.89013671875,4348.330078125,4328.81982421875
2023-06-23,S&P,4425.83984375,4409.58984375,4388.7099609375,4365.68994140625,4381.89013671875,4348.330078125,4328.81982421875
2023-06-23,AMD,124.23999786376952,120.08000183105467,118.93000030517578,112.11000061035156,110.6999969482422,110.01000213623048,107.51000213623048
2023-06-23,S&P,4425.83984375,4409.58984375,4388.7099609375,4365.68994140625,4381.89013671875,4348.330078125,4328.81982421875
2023-06-23,S&P,4425.83984375,4409.58984375,4388.7099609375,4365.68994140625,4381.89013671875,4348.330078125,4328.81982421875
2023-06-23,S&P,4425.83984375,4409.58984375,4388.7099609375,4365.68994140625,4381.89013671875,4348.330078125,4328.81982421875
2023-06-23,META,281.8299865722656,281.0,284.3299865722656,281.6400146484375,284.8800048828125,288.7300109863281,278.4700012207031
2023-06-23,S&P,4425.83984375,4409.58984375,4388.7099609375,4365.68994140625,4381.89013671875,4348.330078125,4328.81982421875
2023-06-23,S&P,4425.83984375,4409.58984375,4388.7099609375,4365.68994140625,4381.89013671875,4348.330078125,4328.81982421875
2023-06-23,TSLA,255.8999938964844,260.5400085449219,274.45001220703125,259.4599914550781,264.6099853515625,256.6000061035156,241.0500030517578
2023-06-23,S&P,4425.83984375,4409.58984375,4388.7099609375,4365.68994140625,4381.89013671875,4348.330078125,4328.81982421875
2023-06-23,S&P,4425.83984375,4409.58984375,4388.7099609375,4365.68994140625,4381.89013671875,4348.330078125,4328.81982421875
2023-06-23,S&P,4425.83984375,4409.58984375,4388.7099609375,4365.68994140625,4381.89013671875,4348.330078125,4328.81982421875
2023-06-23,S&P,4425.83984375,4409.58984375,4388.7099609375,4365.68994140625,4381.89013671875,4348.330078125,4328.81982421875
2023-06-23,NVDA,426.5299987792969,426.9200134277344,438.0799865722656,430.4500122070313,430.25,422.0899963378906,406.3200073242188
2023-06-23,S&P,4425.83984375,4409.58984375,4388.7099609375,4365.68994140625,4381.89013671875,4348.330078125,4328.81982421875
2023-06-23,S&P,4425.83984375,4409.58984375,4388.7099609375,4365.68994140625,4381.89013671875,4348.330078125,4328.81982421875
2023-06-23,S&P,4425.83984375,4409.58984375,4388.7099609375,4365.68994140625,4381.89013671875,4348.330078125,4328.81982421875
2023-06-23,S&P,4425.83984375,4409.58984375,4388.7099609375,4365.68994140625,4381.89013671875,4348.330078125,4328.81982421875
2023-06-23,S&P,4425.83984375,4409.58984375,4388.7099609375,4365.68994140625,4381.89013671875,4348.330078125,4328.81982421875
2023-06-23,S&P,4425.83984375,4409.58984375,4388.7099609375,4365.68994140625,4381.89013671875,4348.330078125,4328.81982421875
2023-06-23,CVNA,26.3799991607666,25.31999969482422,23.520000457763672,24.170000076293945,25.540000915527344,21.40999984741211,20.90999984741211
2023-06-23,S&P,4425.83984375,4409.58984375,4388.7099609375,4365.68994140625,4381.89013671875,4348.330078125,4328.81982421875
2023-06-30,S&P,4348.330078125,4328.81982421875,4378.41015625,4376.85986328125,4396.43994140625,4450.3798828125,4455.58984375
2023-06-30,S&P,4348.330078125,4328.81982421875,4378.41015625,4376.85986328125,4396.43994140625,4450.3798828125,4455.58984375
2023-06-30,S&P,4348.330078125,4328.81982421875,4378.41015625,4376.85986328125,4396.43994140625,4450.3798828125,4455.58984375
2023-06-30,S&P,4348.330078125,4328.81982421875,4378.41015625,4376.85986328125,4396.43994140625,4450.3798828125,4455.58984375
2023-06-30,S&P,4348.330078125,4328.81982421875,4378.41015625,4376.85986328125,4396.43994140625,4450.3798828125,4455.58984375
2023-06-30,S&P,4348.330078125,4328.81982421875,4378.41015625,4376.85986328125,4396.43994140625,4450.3798828125,4455.58984375
2023-06-30,S&P,4348.330078125,4328.81982421875,4378.41015625,4376.85986328125,4396.43994140625,4450.3798828125,4455.58984375
2023-06-30,S&P,4348.330078125,4328.81982421875,4378.41015625,4376.85986328125,4396.43994140625,4450.3798828125,4455.58984375
2023-06-30,S&P,4348.330078125,4328.81982421875,4378.41015625,4376.85986328125,4396.43994140625,4450.3798828125,4455.58984375
2023-06-30,S&P,4348.330078125,4328.81982421875,4378.41015625,4376.85986328125,4396.43994140625,4450.3798828125,4455.58984375
2023-06-30,DD,67.77999877929688,67.80000305175781,69.19999694824219,69.66999816894531,70.86000061035156,71.44000244140625,71.56999969482422
2023-06-30,NVDA,422.0899963378906,406.3200073242188,418.760009765625,411.1700134277344,408.2200012207031,423.0199890136719,424.1300048828125
2023-06-30,S&P,4348.330078125,4328.81982421875,4378.41015625,4376.85986328125,4396.43994140625,4450.3798828125,4455.58984375
2023-06-30,S&P,4348.330078125,4328.81982421875,4378.41015625,4376.85986328125,4396.43994140625,4450.3798828125,4455.58984375
2023-06-30,S&P,4348.330078125,4328.81982421875,4378.41015625,4376.85986328125,4396.43994140625,4450.3798828125,4455.58984375
2023-06-30,S&P,4348.330078125,4328.81982421875,4378.41015625,4376.85986328125,4396.43994140625,4450.3798828125,4455.58984375
2023-06-30,S&P,4348.330078125,4328.81982421875,4378.41015625,4376.85986328125,4396.43994140625,4450.3798828125,4455.58984375
2023-06-30,S&P,4348.330078125,4328.81982421875,4378.41015625,4376.85986328125,4396.43994140625,4450.3798828125,4455.58984375
2023-06-30,S&P,4348.330078125,4328.81982421875,4378.41015625,4376.85986328125,4396.43994140625,4450.3798828125,4455.58984375
2023-06-30,S&P,4348.330078125,4328.81982421875,4378.41015625,4376.85986328125,4396.43994140625,4450.3798828125,4455.58984375
2023-06-30,CVNA,21.40999984741211,20.90999984741211,24.299999237060547,28.030000686645508,25.739999771118164,25.920000076293945,25.799999237060547
2023-06-30,S&P,4348.330078125,4328.81982421875,4378.41015625,4376.85986328125,4396.43994140625,4450.3798828125,4455.58984375
2023-06-30,MSFT,335.0199890136719,328.6000061035156,334.57000732421875,335.8500061035156,335.04998779296875,340.5400085449219,337.989990234375
2023-06-30,S&P,4348.330078125,4328.81982421875,4378.41015625,4376.85986328125,4396.43994140625,4450.3798828125,4455.58984375
2023-06-30,S&P,4348.330078125,4328.81982421875,4378.41015625,4376.85986328125,4396.43994140625,4450.3798828125,4455.58984375
2023-06-30,S&P,4348.330078125,4328.81982421875,4378.41015625,4376.85986328125,4396.43994140625,4450.3798828125,4455.58984375
2023-06-30,RIVN,13.529999732971191,13.449999809265137,13.9399995803833,14.640000343322754,16.010000228881836,16.65999984741211,19.559999465942383
2023-06-30,AAPL,186.67999267578125,185.2700042724609,188.05999755859372,189.25,189.58999633789065,193.97000122070312,192.4600067138672
2023-07-03,AMD,107.51000213623048,110.38999938964844,110.16999816894533,111.23999786376952,113.91000366210938,115.81999969482422,113.9499969482422
2023-07-03,PYPL,66.44000244140625,66.2300033569336,66.02999877929688,65.86000061035156,66.7300033569336,68.0999984741211,68.8499984741211
2023-07-03,S&P,4328.81982421875,4378.41015625,4376.85986328125,4396.43994140625,4450.3798828125,4455.58984375,4446.81982421875
2023-07-03,S&P,4328.81982421875,4378.41015625,4376.85986328125,4396.43994140625,4450.3798828125,4455.58984375,4446.81982421875
2023-07-03,S&P,4328.81982421875,4378.41015625,4376.85986328125,4396.43994140625,4450.3798828125,4455.58984375,4446.81982421875
2023-07-03,S&P,4328.81982421875,4378.41015625,4376.85986328125,4396.43994140625,4450.3798828125,4455.58984375,4446.81982421875
2023-07-03,TSLA,241.0500030517578,250.2100067138672,256.239990234375,257.5,261.7699890136719,279.82000732421875,282.4800109863281
2023-07-03,S&P,4328.81982421875,4378.41015625,4376.85986328125,4396.43994140625,4450.3798828125,4455.58984375,4446.81982421875
2023-07-03,NVDA,406.3200073242188,418.760009765625,411.1700134277344,408.2200012207031,423.0199890136719,424.1300048828125,423.1700134277344
2023-07-03,S&P,4328.81982421875,4378.41015625,4376.85986328125,4396.43994140625,4450.3798828125,4455.58984375,4446.81982421875
2023-07-03,S&P,4328.81982421875,4378.41015625,4376.85986328125,4396.43994140625,4450.3798828125,4455.58984375,4446.81982421875
2023-07-03,S&P,4328.81982421875,4378.41015625,4376.85986328125,4396.43994140625,4450.3798828125,4455.58984375,4446.81982421875
2023-07-03,S&P,4328.81982421875,4378.41015625,4376.85986328125,4396.43994140625,4450.3798828125,4455.58984375,4446.81982421875
2023-07-03,S&P,4328.81982421875,4378.41015625,4376.85986328125,4396.43994140625,4450.3798828125,4455.58984375,4446.81982421875
2023-07-03,S&P,4328.81982421875,4378.41015625,4376.85986328125,4396.43994140625,4450.3798828125,4455.58984375,4446.81982421875
2023-07-03,S&P,4328.81982421875,4378.41015625,4376.85986328125,4396.43994140625,4450.3798828125,4455.58984375,4446.81982421875
2023-07-03,S&P,4328.81982421875,4378.41015625,4376.85986328125,4396.43994140625,4450.3798828125,4455.58984375,4446.81982421875
2023-07-03,S&P,4328.81982421875,4378.41015625,4376.85986328125,4396.43994140625,4450.3798828125,4455.58984375,4446.81982421875
2023-07-03,MSFT,328.6000061035156,334.57000732421875,335.8500061035156,335.04998779296875,340.5400085449219,337.989990234375,338.1499938964844
2023-07-03,S&P,4328.81982421875,4378.41015625,4376.85986328125,4396.43994140625,4450.3798828125,4455.58984375,4446.81982421875
2023-07-03,RIVN,13.449999809265137,13.9399995803833,14.640000343322754,16.010000228881836,16.65999984741211,19.559999465942383,20.43000030517578
2023-07-03,AAPL,185.2700042724609,188.05999755859372,189.25,189.58999633789065,193.97000122070312,192.4600067138672,191.3300018310547
2023-07-05,NVDA,418.760009765625,411.1700134277344,408.2200012207031,423.0199890136719,424.1300048828125,423.1700134277344,421.0299987792969
2023-07-05,AMD,110.38999938964844,110.16999816894533,111.23999786376952,113.91000366210938,115.81999969482422,113.9499969482422,113.4800033569336
2023-07-05,S&P,4378.41015625,4376.85986328125,4396.43994140625,4450.3798828125,4455.58984375,4446.81982421875,4411.58984375
2023-07-05,S&P,4378.41015625,4376.85986328125,4396.43994140625,4450.3798828125,4455.58984375,4446.81982421875,4411.58984375
2023-07-05,S&P,4378.41015625,4376.85986328125,4396.43994140625,4450.3798828125,4455.58984375,4446.81982421875,4411.58984375
2023-07-05,S&P,4378.41015625,4376.85986328125,4396.43994140625,4450.3798828125,4455.58984375,4446.81982421875,4411.58984375
2023-07-05,S&P,4378.41015625,4376.85986328125,4396.43994140625,4450.3798828125,4455.58984375,4446.81982421875,4411.58984375
2023-07-05,S&P,4378.41015625,4376.85986328125,4396.43994140625,4450.3798828125,4455.58984375,4446.81982421875,4411.58984375
2023-07-05,MSFT,334.57000732421875,335.8500061035156,335.04998779296875,340.5400085449219,337.989990234375,338.1499938964844,341.2699890136719
2023-07-05,S&P,4378.41015625,4376.85986328125,4396.43994140625,4450.3798828125,4455.58984375,4446.81982421875,4411.58984375
2023-07-05,S&P,4378.41015625,4376.85986328125,4396.43994140625,4450.3798828125,4455.58984375,4446.81982421875,4411.58984375
2023-07-05,S&P,4378.41015625,4376.85986328125,4396.43994140625,4450.3798828125,4455.58984375,4446.81982421875,4411.58984375
2023-07-05,RIVN,13.9399995803833,14.640000343322754,16.010000228881836,16.65999984741211,19.559999465942383,20.43000030517578,21.6200008392334
2023-07-05,S&P,4378.41015625,4376.85986328125,4396.43994140625,4450.3798828125,4455.58984375,4446.81982421875,4411.58984375
2023-07-05,TSLA,250.2100067138672,256.239990234375,257.5,261.7699890136719,279.82000732421875,282.4800109863281,276.5400085449219
2023-07-05,AAPL,188.05999755859372,189.25,189.58999633789065,193.97000122070312,192.4600067138672,191.3300018310547,191.80999755859372
2023-07-07,S&P,4396.43994140625,4450.3798828125,4455.58984375,4446.81982421875,4411.58984375,4398.9501953125,4409.52978515625
2023-07-07,S&P,4396.43994140625,4450.3798828125,4455.58984375,4446.81982421875,4411.58984375,4398.9501953125,4409.52978515625
2023-07-07,S&P,4396.43994140625,4450.3798828125,4455.58984375,4446.81982421875,4411.58984375,4398.9501953125,4409.52978515625
2023-07-07,META,281.5299987792969,286.9800109863281,286.0199890136719,294.3699951171875,291.989990234375,290.5299987792969,294.1000061035156
2023-07-07,S&P,4396.43994140625,4450.3798828125,4455.58984375,4446.81982421875,4411.58984375,4398.9501953125,4409.52978515625
2023-07-07,S&P,4396.43994140625,4450.3798828125,4455.58984375,4446.81982421875,4411.58984375,4398.9501953125,4409.52978515625
2023-07-07,TSLA,257.5,261.7699890136719,279.82000732421875,282.4800109863281,276.5400085449219,274.42999267578125,269.6099853515625
2023-07-07,S&P,4396.43994140625,4450.3798828125,4455.58984375,4446.81982421875,4411.58984375,4398.9501953125,4409.52978515625
2023-07-07,S&P,4396.43994140625,4450.3798828125,4455.58984375,4446.81982421875,4411.58984375,4398.9501953125,4409.52978515625
2023-07-07,S&P,4396.43994140625,4450.3798828125,4455.58984375,4446.81982421875,4411.58984375,4398.9501953125,4409.52978515625
2023-07-07,DD,70.86000061035156,71.44000244140625,71.56999969482422,69.79000091552734,69.56999969482422,70.41000366210938,70.31999969482422
2023-07-07,NVDA,408.2200012207031,423.0199890136719,424.1300048828125,423.1700134277344,421.0299987792969,425.0299987792969,421.7999877929688
2023-07-07,S&P,4396.43994140625,4450.3798828125,4455.58984375,4446.81982421875,4411.58984375,4398.9501953125,4409.52978515625
2023-07-07,S&P,4396.43994140625,4450.3798828125,4455.58984375,4446.81982421875,4411.58984375,4398.9501953125,4409.52978515625
2023-07-07,S&P,4396.43994140625,4450.3798828125,4455.58984375,4446.81982421875,4411.58984375,4398.9501953125,4409.52978515625
2023-07-07,S&P,4396.43994140625,4450.3798828125,4455.58984375,4446.81982421875,4411.58984375,4398.9501953125,4409.52978515625
2023-07-07,S&P,4396.43994140625,4450.3798828125,4455.58984375,4446.81982421875,4411.58984375,4398.9501953125,4409.52978515625
2023-07-07,RIVN,16.010000228881836,16.65999984741211,19.559999465942383,20.43000030517578,21.6200008392334,24.700000762939453,25.51000022888184
2023-07-07,S&P,4396.43994140625,4450.3798828125,4455.58984375,4446.81982421875,4411.58984375,4398.9501953125,4409.52978515625
2023-07-07,S&P,4396.43994140625,4450.3798828125,4455.58984375,4446.81982421875,4411.58984375,4398.9501953125,4409.52978515625
2023-07-07,S&P,4396.43994140625,4450.3798828125,4455.58984375,4446.81982421875,4411.58984375,4398.9501953125,4409.52978515625
2023-07-07,TSLA,257.5,261.7699890136719,279.82000732421875,282.4800109863281,276.5400085449219,274.42999267578125,269.6099853515625
2023-07-07,S&P,4396.43994140625,4450.3798828125,4455.58984375,4446.81982421875,4411.58984375,4398.9501953125,4409.52978515625
2023-07-07,S&P,4396.43994140625,4450.3798828125,4455.58984375,4446.81982421875,4411.58984375,4398.9501953125,4409.52978515625
2023-07-07,NVDA,408.2200012207031,423.0199890136719,424.1300048828125,423.1700134277344,421.0299987792969,425.0299987792969,421.7999877929688
2023-07-07,S&P,4396.43994140625,4450.3798828125,4455.58984375,4446.81982421875,4411.58984375,4398.9501953125,4409.52978515625
2023-07-07,S&P,4396.43994140625,4450.3798828125,4455.58984375,4446.81982421875,4411.58984375,4398.9501953125,4409.52978515625
2023-07-07,S&P,4396.43994140625,4450.3798828125,4455.58984375,4446.81982421875,4411.58984375,4398.9501953125,4409.52978515625
2023-07-07,META,281.5299987792969,286.9800109863281,286.0199890136719,294.3699951171875,291.989990234375,290.5299987792969,294.1000061035156
2023-07-07,DD,70.86000061035156,71.44000244140625,71.56999969482422,69.79000091552734,69.56999969482422,70.41000366210938,70.31999969482422
2023-07-07,S&P,4396.43994140625,4450.3798828125,4455.58984375,4446.81982421875,4411.58984375,4398.9501953125,4409.52978515625
2023-07-07,RIVN,16.010000228881836,16.65999984741211,19.559999465942383,20.43000030517578,21.6200008392334,24.700000762939453,25.51000022888184
2023-07-07,S&P,4396.43994140625,4450.3798828125,4455.58984375,4446.81982421875,4411.58984375,4398.9501953125,4409.52978515625
2023-07-07,S&P,4396.43994140625,4450.3798828125,4455.58984375,4446.81982421875,4411.58984375,4398.9501953125,4409.52978515625
2023-07-07,S&P,4396.43994140625,4450.3798828125,4455.58984375,4446.81982421875,4411.58984375,4398.9501953125,4409.52978515625
2023-07-07,S&P,4396.43994140625,4450.3798828125,4455.58984375,4446.81982421875,4411.58984375,4398.9501953125,4409.52978515625
2023-07-07,S&P,4396.43994140625,4450.3798828125,4455.58984375,4446.81982421875,4411.58984375,4398.9501953125,4409.52978515625
2023-07-07,S&P,4396.43994140625,4450.3798828125,4455.58984375,4446.81982421875,4411.58984375,4398.9501953125,4409.52978515625
2023-07-07,S&P,4396.43994140625,4450.3798828125,4455.58984375,4446.81982421875,4411.58984375,4398.9501953125,4409.52978515625
2023-07-07,S&P,4396.43994140625,4450.3798828125,4455.58984375,4446.81982421875,4411.58984375,4398.9501953125,4409.52978515625
2023-07-07,META,281.5299987792969,286.9800109863281,286.0199890136719,294.3699951171875,291.989990234375,290.5299987792969,294.1000061035156
2023-07-07,S&P,4396.43994140625,4450.3798828125,4455.58984375,4446.81982421875,4411.58984375,4398.9501953125,4409.52978515625
2023-07-07,S&P,4396.43994140625,4450.3798828125,4455.58984375,4446.81982421875,4411.58984375,4398.9501953125,4409.52978515625
2023-07-07,S&P,4396.43994140625,4450.3798828125,4455.58984375,4446.81982421875,4411.58984375,4398.9501953125,4409.52978515625
2023-07-07,DD,70.86000061035156,71.44000244140625,71.56999969482422,69.79000091552734,69.56999969482422,70.41000366210938,70.31999969482422
2023-07-07,S&P,4396.43994140625,4450.3798828125,4455.58984375,4446.81982421875,4411.58984375,4398.9501953125,4409.52978515625
2023-07-07,S&P,4396.43994140625,4450.3798828125,4455.58984375,4446.81982421875,4411.58984375,4398.9501953125,4409.52978515625
2023-07-07,S&P,4396.43994140625,4450.3798828125,4455.58984375,4446.81982421875,4411.58984375,4398.9501953125,4409.52978515625
2023-07-07,S&P,4396.43994140625,4450.3798828125,4455.58984375,4446.81982421875,4411.58984375,4398.9501953125,4409.52978515625
2023-07-07,S&P,4396.43994140625,4450.3798828125,4455.58984375,4446.81982421875,4411.58984375,4398.9501953125,4409.52978515625
2023-07-07,MSFT,335.04998779296875,340.5400085449219,337.989990234375,338.1499938964844,341.2699890136719,337.2200012207031,331.8299865722656
2023-07-07,S&P,4396.43994140625,4450.3798828125,4455.58984375,4446.81982421875,4411.58984375,4398.9501953125,4409.52978515625
2023-07-07,S&P,4396.43994140625,4450.3798828125,4455.58984375,4446.81982421875,4411.58984375,4398.9501953125,4409.52978515625
2023-07-07,RIVN,16.010000228881836,16.65999984741211,19.559999465942383,20.43000030517578,21.6200008392334,24.700000762939453,25.51000022888184
2023-07-07,S&P,4396.43994140625,4450.3798828125,4455.58984375,4446.81982421875,4411.58984375,4398.9501953125,4409.52978515625
2023-07-10,S&P,4450.3798828125,4455.58984375,4446.81982421875,4411.58984375,4398.9501953125,4409.52978515625,4439.259765625
2023-07-10,S&P,4450.3798828125,4455.58984375,4446.81982421875,4411.58984375,4398.9501953125,4409.52978515625,4439.259765625
2023-07-10,S&P,4450.3798828125,4455.58984375,4446.81982421875,4411.58984375,4398.9501953125,4409.52978515625,4439.259765625
2023-07-10,S&P,4450.3798828125,4455.58984375,4446.81982421875,4411.58984375,4398.9501953125,4409.52978515625,4439.259765625
2023-07-10,S&P,4450.3798828125,4455.58984375,4446.81982421875,4411.58984375,4398.9501953125,4409.52978515625,4439.259765625
2023-07-10,S&P,4450.3798828125,4455.58984375,4446.81982421875,4411.58984375,4398.9501953125,4409.52978515625,4439.259765625
2023-07-10,META,286.9800109863281,286.0199890136719,294.3699951171875,291.989990234375,290.5299987792969,294.1000061035156,298.2900085449219
2023-07-10,S&P,4450.3798828125,4455.58984375,4446.81982421875,4411.58984375,4398.9501953125,4409.52978515625,4439.259765625
2023-07-10,S&P,4450.3798828125,4455.58984375,4446.81982421875,4411.58984375,4398.9501953125,4409.52978515625,4439.259765625
2023-07-10,S&P,4450.3798828125,4455.58984375,4446.81982421875,4411.58984375,4398.9501953125,4409.52978515625,4439.259765625
2023-07-10,S&P,4450.3798828125,4455.58984375,4446.81982421875,4411.58984375,4398.9501953125,4409.52978515625,4439.259765625
2023-07-10,S&P,4450.3798828125,4455.58984375,4446.81982421875,4411.58984375,4398.9501953125,4409.52978515625,4439.259765625
2023-07-10,S&P,4450.3798828125,4455.58984375,4446.81982421875,4411.58984375,4398.9501953125,4409.52978515625,4439.259765625
2023-07-10,CVNA,25.920000076293945,25.799999237060547,25.850000381469727,24.31999969482422,29.450000762939453,34.27000045776367,35.56999969482422
2023-07-10,S&P,4450.3798828125,4455.58984375,4446.81982421875,4411.58984375,4398.9501953125,4409.52978515625,4439.259765625
2023-07-10,MSFT,340.5400085449219,337.989990234375,338.1499938964844,341.2699890136719,337.2200012207031,331.8299865722656,332.4700012207031
2023-07-10,S&P,4450.3798828125,4455.58984375,4446.81982421875,4411.58984375,4398.9501953125,4409.52978515625,4439.259765625
2023-07-10,S&P,4450.3798828125,4455.58984375,4446.81982421875,4411.58984375,4398.9501953125,4409.52978515625,4439.259765625
2023-07-10,S&P,4450.3798828125,4455.58984375,4446.81982421875,4411.58984375,4398.9501953125,4409.52978515625,4439.259765625
2023-07-10,S&P,4450.3798828125,4455.58984375,4446.81982421875,4411.58984375,4398.9501953125,4409.52978515625,4439.259765625
2023-07-10,RIVN,16.65999984741211,19.559999465942383,20.43000030517578,21.6200008392334,24.700000762939453,25.51000022888184,24.850000381469727
2023-07-10,S&P,4450.3798828125,4455.58984375,4446.81982421875,4411.58984375,4398.9501953125,4409.52978515625,4439.259765625
2023-07-13,S&P,4411.58984375,4398.9501953125,4409.52978515625,4439.259765625,4472.16015625,4510.0400390625,4505.419921875
2023-07-13,PYPL,66.13999938964844,66.79000091552734,69.27999877929688,70.62000274658203,70.58999633789062,72.38999938964844,72.0999984741211
2023-07-13,S&P,4411.58984375,4398.9501953125,4409.52978515625,4439.259765625,4472.16015625,4510.0400390625,4505.419921875
2023-07-13,S&P,4411.58984375,4398.9501953125,4409.52978515625,4439.259765625,4472.16015625,4510.0400390625,4505.419921875
2023-07-13,S&P,4411.58984375,4398.9501953125,4409.52978515625,4439.259765625,4472.16015625,4510.0400390625,4505.419921875
2023-07-13,S&P,4411.58984375,4398.9501953125,4409.52978515625,4439.259765625,4472.16015625,4510.0400390625,4505.419921875
2023-07-13,S&P,4411.58984375,4398.9501953125,4409.52978515625,4439.259765625,4472.16015625,4510.0400390625,4505.419921875
2023-07-13,META,291.989990234375,290.5299987792969,294.1000061035156,298.2900085449219,309.3399963378906,313.4100036621094,308.8699951171875
2023-07-13,S&P,4411.58984375,4398.9501953125,4409.52978515625,4439.259765625,4472.16015625,4510.0400390625,4505.419921875
2023-07-13,TSLA,276.5400085449219,274.42999267578125,269.6099853515625,269.7900085449219,271.989990234375,277.8999938964844,281.3800048828125
2023-07-13,S&P,4411.58984375,4398.9501953125,4409.52978515625,4439.259765625,4472.16015625,4510.0400390625,4505.419921875
2023-07-13,S&P,4411.58984375,4398.9501953125,4409.52978515625,4439.259765625,4472.16015625,4510.0400390625,4505.419921875
2023-07-13,S&P,4411.58984375,4398.9501953125,4409.52978515625,4439.259765625,4472.16015625,4510.0400390625,4505.419921875
2023-07-13,DD,69.56999969482422,70.41000366210938,70.31999969482422,71.33999633789062,72.62999725341797,73.19999694824219,72.61000061035156
2023-07-13,NVDA,421.0299987792969,425.0299987792969,421.7999877929688,424.0499877929688,439.0199890136719,459.7699890136719,454.6900024414063
2023-07-13,S&P,4411.58984375,4398.9501953125,4409.52978515625,4439.259765625,4472.16015625,4510.0400390625,4505.419921875
2023-07-13,S&P,4411.58984375,4398.9501953125,4409.52978515625,4439.259765625,4472.16015625,4510.0400390625,4505.419921875
2023-07-13,S&P,4411.58984375,4398.9501953125,4409.52978515625,4439.259765625,4472.16015625,4510.0400390625,4505.419921875
2023-07-13,S&P,4411.58984375,4398.9501953125,4409.52978515625,4439.259765625,4472.16015625,4510.0400390625,4505.419921875
2023-07-13,S&P,4411.58984375,4398.9501953125,4409.52978515625,4439.259765625,4472.16015625,4510.0400390625,4505.419921875
2023-07-13,S&P,4411.58984375,4398.9501953125,4409.52978515625,4439.259765625,4472.16015625,4510.0400390625,4505.419921875
2023-07-13,CVNA,24.31999969482422,29.450000762939453,34.27000045776367,35.56999969482422,38.88999938964844,37.68000030517578,37.70000076293945
2023-07-13,MSFT,341.2699890136719,337.2200012207031,331.8299865722656,332.4700012207031,337.20001220703125,342.6600036621094,345.239990234375
2023-07-13,S&P,4411.58984375,4398.9501953125,4409.52978515625,4439.259765625,4472.16015625,4510.0400390625,4505.419921875
2023-07-13,S&P,4411.58984375,4398.9501953125,4409.52978515625,4439.259765625,4472.16015625,4510.0400390625,4505.419921875
2023-07-13,S&P,4411.58984375,4398.9501953125,4409.52978515625,4439.259765625,4472.16015625,4510.0400390625,4505.419921875
2023-07-13,S&P,4411.58984375,4398.9501953125,4409.52978515625,4439.259765625,4472.16015625,4510.0400390625,4505.419921875
2023-07-13,RIVN,21.6200008392334,24.700000762939453,25.51000022888184,24.850000381469727,25.90999984741211,25.520000457763672,24.81999969482422
2023-07-14,CVNA,29.450000762939453,34.27000045776367,35.56999969482422,38.88999938964844,37.68000030517578,37.70000076293945,36.52999877929688
2023-07-14,NVDA,425.0299987792969,421.7999877929688,424.0499877929688,439.0199890136719,459.7699890136719,454.6900024414063,464.6099853515625
2023-07-14,AMD,113.16999816894533,113.58000183105467,111.31999969482422,114.58000183105467,115.91999816894533,115.94000244140624,118.31999969482422
2023-07-14,S&P,4398.9501953125,4409.52978515625,4439.259765625,4472.16015625,4510.0400390625,4505.419921875,4522.7900390625
2023-07-14,PYPL,66.79000091552734,69.27999877929688,70.62000274658203,70.58999633789062,72.38999938964844,72.0999984741211,73.48999786376953
2023-07-14,S&P,4398.9501953125,4409.52978515625,4439.259765625,4472.16015625,4510.0400390625,4505.419921875,4522.7900390625
2023-07-14,S&P,4398.9501953125,4409.52978515625,4439.259765625,4472.16015625,4510.0400390625,4505.419921875,4522.7900390625
2023-07-14,S&P,4398.9501953125,4409.52978515625,4439.259765625,4472.16015625,4510.0400390625,4505.419921875,4522.7900390625
2023-07-14,S&P,4398.9501953125,4409.52978515625,4439.259765625,4472.16015625,4510.0400390625,4505.419921875,4522.7900390625
2023-07-14,S&P,4398.9501953125,4409.52978515625,4439.259765625,4472.16015625,4510.0400390625,4505.419921875,4522.7900390625
2023-07-14,DD,70.41000366210938,70.31999969482422,71.33999633789062,72.62999725341797,73.19999694824219,72.61000061035156,72.58000183105469
2023-07-14,S&P,4398.9501953125,4409.52978515625,4439.259765625,4472.16015625,4510.0400390625,4505.419921875,4522.7900390625
2023-07-14,TSLA,274.42999267578125,269.6099853515625,269.7900085449219,271.989990234375,277.8999938964844,281.3800048828125,290.3800048828125
2023-07-14,S&P,4398.9501953125,4409.52978515625,4439.259765625,4472.16015625,4510.0400390625,4505.419921875,4522.7900390625
2023-07-14,S&P,4398.9501953125,4409.52978515625,4439.259765625,4472.16015625,4510.0400390625,4505.419921875,4522.7900390625
2023-07-14,CVNA,29.450000762939453,34.27000045776367,35.56999969482422,38.88999938964844,37.68000030517578,37.70000076293945,36.52999877929688
2023-07-14,NVDA,425.0299987792969,421.7999877929688,424.0499877929688,439.0199890136719,459.7699890136719,454.6900024414063,464.6099853515625
2023-07-14,AMD,113.16999816894533,113.58000183105467,111.31999969482422,114.58000183105467,115.91999816894533,115.94000244140624,118.31999969482422
2023-07-14,PYPL,66.79000091552734,69.27999877929688,70.62000274658203,70.58999633789062,72.38999938964844,72.0999984741211,73.48999786376953
2023-07-14,S&P,4398.9501953125,4409.52978515625,4439.259765625,4472.16015625,4510.0400390625,4505.419921875,4522.7900390625
2023-07-14,S&P,4398.9501953125,4409.52978515625,4439.259765625,4472.16015625,4510.0400390625,4505.419921875,4522.7900390625
2023-07-14,DD,70.41000366210938,70.31999969482422,71.33999633789062,72.62999725341797,73.19999694824219,72.61000061035156,72.58000183105469
2023-07-14,S&P,4398.9501953125,4409.52978515625,4439.259765625,4472.16015625,4510.0400390625,4505.419921875,4522.7900390625
2023-07-14,S&P,4398.9501953125,4409.52978515625,4439.259765625,4472.16015625,4510.0400390625,4505.419921875,4522.7900390625
2023-07-14,S&P,4398.9501953125,4409.52978515625,4439.259765625,4472.16015625,4510.0400390625,4505.419921875,4522.7900390625
2023-07-14,TSLA,274.42999267578125,269.6099853515625,269.7900085449219,271.989990234375,277.8999938964844,281.3800048828125,290.3800048828125
2023-07-17,S&P,4409.52978515625,4439.259765625,4472.16015625,4510.0400390625,4505.419921875,4522.7900390625,4554.97998046875
2023-07-17,S&P,4409.52978515625,4439.259765625,4472.16015625,4510.0400390625,4505.419921875,4522.7900390625,4554.97998046875
2023-07-17,CVNA,34.27000045776367,35.56999969482422,38.88999938964844,37.68000030517578,37.70000076293945,36.52999877929688,39.79999923706055
2023-07-17,NVDA,421.7999877929688,424.0499877929688,439.0199890136719,459.7699890136719,454.6900024414063,464.6099853515625,474.9400024414063
2023-07-17,S&P,4409.52978515625,4439.259765625,4472.16015625,4510.0400390625,4505.419921875,4522.7900390625,4554.97998046875
2023-07-17,S&P,4409.52978515625,4439.259765625,4472.16015625,4510.0400390625,4505.419921875,4522.7900390625,4554.97998046875
2023-07-17,S&P,4409.52978515625,4439.259765625,4472.16015625,4510.0400390625,4505.419921875,4522.7900390625,4554.97998046875
2023-07-17,S&P,4409.52978515625,4439.259765625,4472.16015625,4510.0400390625,4505.419921875,4522.7900390625,4554.97998046875
2023-07-17,S&P,4409.52978515625,4439.259765625,4472.16015625,4510.0400390625,4505.419921875,4522.7900390625,4554.97998046875
2023-07-17,S&P,4409.52978515625,4439.259765625,4472.16015625,4510.0400390625,4505.419921875,4522.7900390625,4554.97998046875
2023-07-17,S&P,4409.52978515625,4439.259765625,4472.16015625,4510.0400390625,4505.419921875,4522.7900390625,4554.97998046875
2023-07-17,S&P,4409.52978515625,4439.259765625,4472.16015625,4510.0400390625,4505.419921875,4522.7900390625,4554.97998046875
2023-07-17,DD,70.31999969482422,71.33999633789062,72.62999725341797,73.19999694824219,72.61000061035156,72.58000183105469,74.55000305175781
2023-07-17,S&P,4409.52978515625,4439.259765625,4472.16015625,4510.0400390625,4505.419921875,4522.7900390625,4554.97998046875
2023-07-17,S&P,4409.52978515625,4439.259765625,4472.16015625,4510.0400390625,4505.419921875,4522.7900390625,4554.97998046875
2023-07-17,RIVN,25.51000022888184,24.850000381469727,25.90999984741211,25.520000457763672,24.81999969482422,23.989999771118164,24.690000534057617
2023-07-17,S&P,4409.52978515625,4439.259765625,4472.16015625,4510.0400390625,4505.419921875,4522.7900390625,4554.97998046875
2023-07-17,TSLA,269.6099853515625,269.7900085449219,271.989990234375,277.8999938964844,281.3800048828125,290.3800048828125,293.3399963378906
2023-07-18,PYPL,70.62000274658203,70.58999633789062,72.38999938964844,72.0999984741211,73.48999786376953,74.37000274658203,74.22000122070312
2023-07-18,S&P,4439.259765625,4472.16015625,4510.0400390625,4505.419921875,4522.7900390625,4554.97998046875,4565.72021484375
2023-07-18,S&P,4439.259765625,4472.16015625,4510.0400390625,4505.419921875,4522.7900390625,4554.97998046875,4565.72021484375
2023-07-18,META,298.2900085449219,309.3399963378906,313.4100036621094,308.8699951171875,310.6199951171875,312.04998779296875,316.010009765625
2023-07-18,S&P,4439.259765625,4472.16015625,4510.0400390625,4505.419921875,4522.7900390625,4554.97998046875,4565.72021484375
2023-07-18,TSLA,269.7900085449219,271.989990234375,277.8999938964844,281.3800048828125,290.3800048828125,293.3399963378906,291.260009765625
2023-07-18,S&P,4439.259765625,4472.16015625,4510.0400390625,4505.419921875,4522.7900390625,4554.97998046875,4565.72021484375
2023-07-18,S&P,4439.259765625,4472.16015625,4510.0400390625,4505.419921875,4522.7900390625,4554.97998046875,4565.72021484375
2023-07-18,NVDA,424.0499877929688,439.0199890136719,459.7699890136719,454.6900024414063,464.6099853515625,474.9400024414063,470.7699890136719
2023-07-18,S&P,4439.259765625,4472.16015625,4510.0400390625,4505.419921875,4522.7900390625,4554.97998046875,4565.72021484375
2023-07-18,S&P,4439.259765625,4472.16015625,4510.0400390625,4505.419921875,4522.7900390625,4554.97998046875,4565.72021484375
2023-07-18,S&P,4439.259765625,4472.16015625,4510.0400390625,4505.419921875,4522.7900390625,4554.97998046875,4565.72021484375
2023-07-18,S&P,4439.259765625,4472.16015625,4510.0400390625,4505.419921875,4522.7900390625,4554.97998046875,4565.72021484375
2023-07-18,S&P,4439.259765625,4472.16015625,4510.0400390625,4505.419921875,4522.7900390625,4554.97998046875,4565.72021484375
2023-07-18,S&P,4439.259765625,4472.16015625,4510.0400390625,4505.419921875,4522.7900390625,4554.97998046875,4565.72021484375
2023-07-18,S&P,4439.259765625,4472.16015625,4510.0400390625,4505.419921875,4522.7900390625,4554.97998046875,4565.72021484375
2023-07-18,CVNA,35.56999969482422,38.88999938964844,37.68000030517578,37.70000076293945,36.52999877929688,39.79999923706055,55.79999923706055
2023-07-18,MSFT,332.4700012207031,337.20001220703125,342.6600036621094,345.239990234375,345.7300109863281,359.489990234375,355.0799865722656
2023-07-18,S&P,4439.259765625,4472.16015625,4510.0400390625,4505.419921875,4522.7900390625,4554.97998046875,4565.72021484375
2023-07-18,S&P,4439.259765625,4472.16015625,4510.0400390625,4505.419921875,4522.7900390625,4554.97998046875,4565.72021484375
2023-07-18,S&P,4439.259765625,4472.16015625,4510.0400390625,4505.419921875,4522.7900390625,4554.97998046875,4565.72021484375
2023-07-18,S&P,4439.259765625,4472.16015625,4510.0400390625,4505.419921875,4522.7900390625,4554.97998046875,4565.72021484375
2023-07-19,PYPL,70.58999633789062,72.38999938964844,72.0999984741211,73.48999786376953,74.37000274658203,74.22000122070312,73.0199966430664
2023-07-19,S&P,4472.16015625,4510.0400390625,4505.419921875,4522.7900390625,4554.97998046875,4565.72021484375,4534.8701171875
2023-07-19,TSLA,271.989990234375,277.8999938964844,281.3800048828125,290.3800048828125,293.3399963378906,291.260009765625,262.8999938964844
2023-07-19,S&P,4472.16015625,4510.0400390625,4505.419921875,4522.7900390625,4554.97998046875,4565.72021484375,4534.8701171875
2023-07-19,S&P,4472.16015625,4510.0400390625,4505.419921875,4522.7900390625,4554.97998046875,4565.72021484375,4534.8701171875
2023-07-19,S&P,4472.16015625,4510.0400390625,4505.419921875,4522.7900390625,4554.97998046875,4565.72021484375,4534.8701171875
2023-07-19,S&P,4472.16015625,4510.0400390625,4505.419921875,4522.7900390625,4554.97998046875,4565.72021484375,4534.8701171875
2023-07-19,S&P,4472.16015625,4510.0400390625,4505.419921875,4522.7900390625,4554.97998046875,4565.72021484375,4534.8701171875
2023-07-19,NVDA,439.0199890136719,459.7699890136719,454.6900024414063,464.6099853515625,474.9400024414063,470.7699890136719,455.2000122070313
2023-07-19,S&P,4472.16015625,4510.0400390625,4505.419921875,4522.7900390625,4554.97998046875,4565.72021484375,4534.8701171875
2023-07-19,S&P,4472.16015625,4510.0400390625,4505.419921875,4522.7900390625,4554.97998046875,4565.72021484375,4534.8701171875
2023-07-19,S&P,4472.16015625,4510.0400390625,4505.419921875,4522.7900390625,4554.97998046875,4565.72021484375,4534.8701171875
2023-07-19,S&P,4472.16015625,4510.0400390625,4505.419921875,4522.7900390625,4554.97998046875,4565.72021484375,4534.8701171875
2023-07-19,S&P,4472.16015625,4510.0400390625,4505.419921875,4522.7900390625,4554.97998046875,4565.72021484375,4534.8701171875
2023-07-19,S&P,4472.16015625,4510.0400390625,4505.419921875,4522.7900390625,4554.97998046875,4565.72021484375,4534.8701171875
2023-07-19,S&P,4472.16015625,4510.0400390625,4505.419921875,4522.7900390625,4554.97998046875,4565.72021484375,4534.8701171875
2023-07-19,CVNA,38.88999938964844,37.68000030517578,37.70000076293945,36.52999877929688,39.79999923706055,55.79999923706055,46.72999954223633
2023-07-19,MSFT,337.20001220703125,342.6600036621094,345.239990234375,345.7300109863281,359.489990234375,355.0799865722656,346.8699951171875
2023-07-19,S&P,4472.16015625,4510.0400390625,4505.419921875,4522.7900390625,4554.97998046875,4565.72021484375,4534.8701171875
2023-07-19,S&P,4472.16015625,4510.0400390625,4505.419921875,4522.7900390625,4554.97998046875,4565.72021484375,4534.8701171875
2023-07-19,S&P,4472.16015625,4510.0400390625,4505.419921875,4522.7900390625,4554.97998046875,4565.72021484375,4534.8701171875
2023-07-19,S&P,4472.16015625,4510.0400390625,4505.419921875,4522.7900390625,4554.97998046875,4565.72021484375,4534.8701171875
2023-07-19,AAPL,189.7700042724609,190.5399932861328,190.69000244140625,193.9900054931641,193.72999572753903,195.1000061035156,193.1300048828125
2023-07-20,CVNA,37.68000030517578,37.70000076293945,36.52999877929688,39.79999923706055,55.79999923706055,46.72999954223633,45.619998931884766
2023-07-20,S&P,4510.0400390625,4505.419921875,4522.7900390625,4554.97998046875,4565.72021484375,4534.8701171875,4536.33984375
2023-07-20,S&P,4510.0400390625,4505.419921875,4522.7900390625,4554.97998046875,4565.72021484375,4534.8701171875,4536.33984375
2023-07-20,S&P,4510.0400390625,4505.419921875,4522.7900390625,4554.97998046875,4565.72021484375,4534.8701171875,4536.33984375
2023-07-20,S&P,4510.0400390625,4505.419921875,4522.7900390625,4554.97998046875,4565.72021484375,4534.8701171875,4536.33984375
2023-07-20,S&P,4510.0400390625,4505.419921875,4522.7900390625,4554.97998046875,4565.72021484375,4534.8701171875,4536.33984375
2023-07-20,S&P,4510.0400390625,4505.419921875,4522.7900390625,4554.97998046875,4565.72021484375,4534.8701171875,4536.33984375
2023-07-20,META,313.4100036621094,308.8699951171875,310.6199951171875,312.04998779296875,316.010009765625,302.5199890136719,294.260009765625
2023-07-20,S&P,4510.0400390625,4505.419921875,4522.7900390625,4554.97998046875,4565.72021484375,4534.8701171875,4536.33984375
2023-07-20,DD,73.19999694824219,72.61000061035156,72.58000183105469,74.55000305175781,75.16000366210938,75.41999816894531,75.12999725341797
2023-07-20,S&P,4510.0400390625,4505.419921875,4522.7900390625,4554.97998046875,4565.72021484375,4534.8701171875,4536.33984375
2023-07-20,S&P,4510.0400390625,4505.419921875,4522.7900390625,4554.97998046875,4565.72021484375,4534.8701171875,4536.33984375
2023-07-20,S&P,4510.0400390625,4505.419921875,4522.7900390625,4554.97998046875,4565.72021484375,4534.8701171875,4536.33984375
2023-07-20,S&P,4510.0400390625,4505.419921875,4522.7900390625,4554.97998046875,4565.72021484375,4534.8701171875,4536.33984375
2023-07-20,TSLA,277.8999938964844,281.3800048828125,290.3800048828125,293.3399963378906,291.260009765625,262.8999938964844,260.0199890136719
2023-07-20,S&P,4510.0400390625,4505.419921875,4522.7900390625,4554.97998046875,4565.72021484375,4534.8701171875,4536.33984375
2023-07-20,AAPL,190.5399932861328,190.69000244140625,193.9900054931641,193.72999572753903,195.1000061035156,193.1300048828125,191.94000244140625
2023-07-21,CVNA,37.70000076293945,36.52999877929688,39.79999923706055,55.79999923706055,46.72999954223633,45.619998931884766,46.2400016784668
2023-07-21,S&P,4505.419921875,4522.7900390625,4554.97998046875,4565.72021484375,4534.8701171875,4536.33984375,4554.64013671875
2023-07-21,S&P,4505.419921875,4522.7900390625,4554.97998046875,4565.72021484375,4534.8701171875,4536.33984375,4554.64013671875
2023-07-21,S&P,4505.419921875,4522.7900390625,4554.97998046875,4565.72021484375,4534.8701171875,4536.33984375,4554.64013671875
2023-07-21,S&P,4505.419921875,4522.7900390625,4554.97998046875,4565.72021484375,4534.8701171875,4536.33984375,4554.64013671875
2023-07-21,S&P,4505.419921875,4522.7900390625,4554.97998046875,4565.72021484375,4534.8701171875,4536.33984375,4554.64013671875
2023-07-21,S&P,4505.419921875,4522.7900390625,4554.97998046875,4565.72021484375,4534.8701171875,4536.33984375,4554.64013671875
2023-07-21,S&P,4505.419921875,4522.7900390625,4554.97998046875,4565.72021484375,4534.8701171875,4536.33984375,4554.64013671875
2023-07-21,S&P,4505.419921875,4522.7900390625,4554.97998046875,4565.72021484375,4534.8701171875,4536.33984375,4554.64013671875
2023-07-21,S&P,4505.419921875,4522.7900390625,4554.97998046875,4565.72021484375,4534.8701171875,4536.33984375,4554.64013671875
2023-07-21,S&P,4505.419921875,4522.7900390625,4554.97998046875,4565.72021484375,4534.8701171875,4536.33984375,4554.64013671875
2023-07-21,DD,72.61000061035156,72.58000183105469,74.55000305175781,75.16000366210938,75.41999816894531,75.12999725341797,75.48999786376953
2023-07-21,S&P,4505.419921875,4522.7900390625,4554.97998046875,4565.72021484375,4534.8701171875,4536.33984375,4554.64013671875
2023-07-21,S&P,4505.419921875,4522.7900390625,4554.97998046875,4565.72021484375,4534.8701171875,4536.33984375,4554.64013671875
2023-07-21,TSLA,281.3800048828125,290.3800048828125,293.3399963378906,291.260009765625,262.8999938964844,260.0199890136719,269.0599975585937
2023-07-21,AAPL,190.69000244140625,193.9900054931641,193.72999572753903,195.1000061035156,193.1300048828125,191.94000244140625,192.75
