Date,Open,High,Low,Close,Adj Close,Volume,Returns_1,Returns_2,Returns_3,Returns_4,Returns_5
2022-08-02,4104.2099609375,4140.47021484375,4079.81005859375,4091.18994140625,4091.18994140625,4727710000,,,,,
2022-08-03,4107.9599609375,4167.66015625,4107.9599609375,4155.169921875,4155.169921875,4351760000,0.015638477163140152,,,,
2022-08-04,4154.85009765625,4161.2900390625,4135.419921875,4151.93994140625,4151.93994140625,4283320000,-0.0007773401640558397,0.014848980582680804,,,
2022-08-05,4115.8701171875,4151.580078125,4107.31005859375,4145.18994140625,4145.18994140625,4085940000,-0.0016257460597355333,-0.0024018224660825593,0.013199093851271826,,
2022-08-08,4155.93017578125,4186.6201171875,4128.97021484375,4140.06005859375,4140.06005859375,4221090000,-0.0012375507238541195,-0.002861284840376621,-0.0036364008128052516,0.01194520857926773,
2022-08-09,4133.10986328125,4137.2998046875,4112.08984375,4122.47021484375,4122.47021484375,3913090000,-0.004248692893594086,-0.005480985644482295,-0.0070978210134028386,-0.007869643756107658,0.007645764162870439
2022-08-10,4181.02001953125,4211.02978515625,4177.259765625,4210.240234375,4210.240234375,4546010000,0.021290637641290244,0.016951487366849483,0.015692958317534034,0.014041699492648219,0.013253444151605231
2022-08-11,4227.39990234375,4257.91015625,4201.41015625,4207.27001953125,4207.27001953125,4630200000,-0.0007054739583503,0.02057014369252741,0.01623405457560656,0.014976413385761278,0.013326319480974957
2022-08-12,4225.02001953125,4280.47021484375,4219.77978515625,4280.14990234375,4280.14990234375,3788010000,0.017322368774566943,0.016604674336149428,0.03824883608188223,0.03383763563023878,0.03255820911591689
2022-08-15,4269.3701171875,4301.7900390625,4256.89990234375,4297.14013671875,4297.14013671875,3696830000,0.0039695418998517695,0.021360672543074166,0.020640129186511924,0.04237020833918148,0.037941497442516736
2022-08-16,4290.4599609375,4325.27978515625,4277.77001953125,4305.2001953125,4305.2001953125,4329820000,0.0018756797165810912,0.005852667205658468,0.02327641803987679,0.022554523174755703,0.044325360996131824
2022-08-17,4280.39990234375,4302.18017578125,4253.080078125,4274.0400390625,4274.0400390625,3885030000,-0.007237794954094601,-0.005375691022701634,-0.001427488153605161,0.015870153144743826,0.015153483206634899
2022-08-18,4273.1298828125,4292.52978515625,4261.97998046875,4283.740234375,4283.740234375,3340330000,0.002269561170191503,-0.004984660402288732,-0.003118330312118278,0.0008388332449020819,0.01817573259827765
2022-08-19,4266.31005859375,4266.31005859375,4218.7001953125,4228.47998046875,4228.47998046875,3761340000,-0.012900001139847905,-0.010659717311338857,-0.017820359417265452,-0.01597810498738539,-0.01207198884476135
2022-08-22,4195.080078125,4195.080078125,4129.85986328125,4137.990234375,4137.990234375,3907430000,-0.0214000649197158,-0.03402400519770665,-0.03183166358856626,-0.03883906748855914,-0.037036237423077156
2022-08-23,4133.08984375,4159.77001953125,4124.02978515625,4128.72998046875,4128.72998046875,3823520000,-0.0022378626777133093,-0.023590037190844626,-0.03618572682404164,-0.033998291374365164,-0.04099001366670263
2022-08-24,4126.5498046875,4156.56005859375,4119.97021484375,4140.77001953125,4140.77001953125,3583630000,0.0029161604463010526,0.0006717718019626506,-0.020742669077926434,-0.03337508976302561,-0.031181275400611885
2022-08-25,4153.259765625,4200.5400390625,4147.58984375,4199.1201171875,4199.1201171875,3566870000,0.014091605518061545,0.017048859346999068,0.014772843663255486,-0.006943361069902787,-0.019753792844034557
2022-08-26,4198.740234375,4203.0400390625,4057.659912109375,4057.659912109375,4057.659912109375,3832750000,-0.03368805871951874,-0.020071172035602047,-0.017213542347302213,-0.019412883481045196,-0.04039751143398784
2022-08-29,4034.580078125,4062.989990234375,4017.419921875,4030.610107421875,4030.610107421875,3396510000,-0.006666355799502699,-0.040129837933402634,-0.02660372626100238,-0.023765146548948013,-0.025949826092169004
2022-08-30,4041.25,4044.97998046875,3965.2099609375,3986.159912109375,3986.159912109375,3835860000,-0.011028155571448206,-0.017620993762099357,-0.05071543540906431,-0.03733849180046411,-0.034531216387076125
2022-08-31,4000.669921875,4015.3701171875,3954.530029296875,3955.0,3955.0,4542490000,-0.007817025105971265,-0.018758973308444893,-0.025300275117440152,-0.05813601668318258,-0.04486364097861195
2022-09-01,3936.72998046875,3970.22998046875,3903.64990234375,3966.85009765625,3966.85009765625,4152250000,0.0029962320243361873,-0.004844214702592442,-0.015818947520679028,-0.022379848587635198,-0.05531397365379975
2022-09-02,3994.659912109375,4018.429931640625,3906.2099609375,3924.260009765625,3924.260009765625,3665850000,-0.010736500458081055,-0.007772437480246475,-0.0155287052473001,-0.026385607841457825,-0.0328760677911033
2022-09-06,3930.889892578125,3942.550048828125,3886.75,3908.18994140625,3908.18994140625,4127340000,-0.004095056983834944,-0.014787590860733113,-0.011835665889696534,-0.019560171298262152,-0.030372614257628938
2022-09-07,3909.429931640625,3987.889892578125,3906.030029296875,3979.8701171875,3979.8701171875,3890320000,0.018341016392734,0.014170851901629256,0.003282206085615025,0.006288272360935432,-0.001577908327954347
2022-09-08,3959.93994140625,4010.5,3944.81005859375,4006.179931640625,4006.179931640625,3966850000,0.006610721877456038,0.025072985628512345,0.02087525333977358,0.009914625714647629,0.01294056425805934
2022-09-09,4022.93994140625,4076.81005859375,4022.93994140625,4067.360107421875,4067.360107421875,3901940000,0.015271449816332883,0.021983127001190317,0.04072733628661673,0.03646549853988823,0.025337486240029516
2022-09-12,4083.669921875,4119.27978515625,4083.669921875,4110.41015625,4110.41015625,3814200000,0.0105842727693497,0.026017359776122184,0.03280007518304395,0.051742678292393096,0.04743573209245455
2022-09-13,4037.1201171875,4037.1201171875,3921.280029296875,3932.68994140625,3932.68994140625,4224550000,-0.0432366134006168,-0.03310996874112204,-0.018344156150839508,-0.011854702387773197,0.006268886714135613
2022-09-14,3940.72998046875,3961.93994140625,3912.179931640625,3946.010009765625,3946.010009765625,4293240000,0.0033870120853238816,-0.03999604424740921,-0.02983510052006888,-0.015019275944093469,-0.008507842322704517
2022-09-15,3932.409912109375,3959.139892578125,3888.280029296875,3901.35009765625,3901.35009765625,4441830000,-0.011317739184353415,-0.007969060418425378,-0.05086111863456444,-0.040815173818197215,-0.026167030880573705
2022-09-16,3880.949951171875,3880.949951171875,3837.080078125,3873.330078125,3873.330078125,7954650000,-0.007182134089448455,-0.018418587753390336,-0.015093959647381694,-0.05767796135004011,-0.04770416785639919
2022-09-19,3849.909912109375,3900.449951171875,3838.5,3899.889892578125,3899.889892578125,3766850000,0.006857100716286535,-0.00037428198997113693,-0.011687785148380647,-0.00834035973260494,-0.051216364223840904
2022-09-20,3875.22998046875,3876.010009765625,3827.5400390625,3855.929931640625,3855.929931640625,4058050000,-0.011272103097361819,-0.004492296327298306,-0.01164216614215452,-0.022828142326570156,-0.019518449435191765
2022-09-21,3871.39990234375,3907.070068359375,3789.489990234375,3789.929931640625,3789.929931640625,4078330000,-0.017116493600784488,-0.028195657817612907,-0.021531897566743785,-0.028559386680667598,-0.03955389817530408
2022-09-22,3782.360107421875,3790.89990234375,3749.449951171875,3757.989990234375,3757.989990234375,4284600000,-0.00842758097968943,-0.02539982394456486,-0.036385617607768705,-0.029778016736042967,-0.036746281116375346
2022-09-23,3727.139892578125,3727.139892578125,3647.469970703125,3693.22998046875,3693.22998046875,5144270000,-0.017232619015461026,-0.025514970702905426,-0.04219473747092939,-0.052991217137352775,-0.04649748253405572
2022-09-26,3682.719970703125,3715.669921875,3644.760009765625,3655.0400390625,3655.0400390625,4886140000,-0.010340526208282075,-0.027394950875176294,-0.03559165868793057,-0.0520989478905417,-0.06278378627601733
2022-09-27,3686.43994140625,3717.530029296875,3623.2900390625,3647.2900390625,3647.2900390625,4577740000,-0.0021203598092424114,-0.012438960381345954,-0.029457223531606846,-0.0376365513745468,-0.05410883918457321
2022-09-28,3651.93994140625,3736.739990234375,3640.610107421875,3719.0400390625,3719.0400390625,4684850000,0.019672139926234733,0.01751006810213096,0.00698847857573015,-0.010364570228524106,-0.01870480295329302
2022-09-29,3687.010009765625,3687.010009765625,3610.39990234375,3640.469970703125,3640.469970703125,4681810000,-0.021126437880238824,-0.0018699001961269834,-0.003986295144146279,-0.014285600963016343,-0.031272041659674676
2022-09-30,3633.47998046875,3671.43994140625,3584.1298828125,3585.6201171875,3585.6201171875,5645360000,-0.015066695771983274,-0.035874828039934914,-0.016908422750731344,-0.018992930619935344,-0.029137059931369835
2022-10-03,3609.780029296875,3698.35009765625,3604.929931640625,3678.429931640625,3678.429931640625,4806680000,0.025883894952576147,0.010427214409948427,-0.010919513367786182,0.00853781636355122,0.006399353311632883
2022-10-04,3726.4599609375,3791.919921875,3726.4599609375,3790.929931640625,3790.929931640625,5146580000,0.030583700679551518,0.05725922092777824,0.041329817893935195,0.0193302281833585,0.03938263506322248
2022-10-05,3753.25,3806.909912109375,3722.659912109375,3783.280029296875,3783.280029296875,4293180000,-0.002017948757084831,0.028504035581693232,0.05512572599699039,0.039228467682200785,0.017273272016336882
2022-10-06,3771.969970703125,3797.929931640625,3739.219970703125,3744.52001953125,3744.52001953125,4252100000,-0.010245080846639998,-0.012242355555564188,0.017966928586063302,0.044315877630781486,0.02858148801266691
2022-10-07,3706.739990234375,3706.739990234375,3620.72998046875,3639.659912109375,3639.659912109375,4449660000,-0.028003617786773516,-0.037961799305189614,-0.039903143096549853,-0.01053982820163657,0.015071254944950097
2022-10-10,3647.510009765625,3652.169921875,3588.10009765625,3612.389892578125,3612.389892578125,3834320000,-0.00749246363390188,-0.035286265332790334,-0.04516983553831988,-0.047096633881922534,-0.017953322556030105
2022-10-11,3595.860107421875,3640.659912109375,3568.449951171875,3588.840087890625,3588.840087890625,4759030000,-0.006519175777754405,-0.013962794724218353,-0.0415754037442998,-0.051394541218347745,-0.05330877842486004
2022-10-12,3590.830078125,3608.340087890625,3573.860107421875,3577.030029296875,3577.030029296875,4006830000,-0.0032907731480149582,-0.00978849579717267,-0.017207619482283665,-0.044729361670055034,-0.05451618659016677
2022-10-13,3520.3701171875,3685.409912109375,3491.580078125,3669.909912109375,3669.909912109375,5021680000,0.02596564246086497,0.022589422273868953,0.01592298208159315,0.008311216083501716,-0.01992514582181748
2022-10-14,3690.409912109375,3712.0,3579.679931640625,3583.070068359375,3583.070068359375,4243030000,-0.02366266361565439,0.0016885625820948214,-0.001607767242324032,-0.008116461702815991,-0.01554811304257353
2022-10-17,3638.64990234375,3689.72998046875,3638.64990234375,3677.949951171875,3677.949951171875,4352780000,0.026480052302171098,0.002190800116365521,0.028213328109755187,0.024829711299180657,0.018148666268955838
2022-10-18,3746.260009765625,3762.7900390625,3686.530029296875,3719.97998046875,3719.97998046875,4483740000,0.011427569666488724,0.03821022461111512,0.013643405303809253,0.039963307548741556,0.03654102422133931
2022-10-19,3703.110107421875,3728.580078125,3666.510009765625,3695.159912109375,3695.159912109375,4223800000,-0.0066720972934503076,0.00467922651639574,0.03128318498145477,0.0068802778827579125,0.03302457117915791
2022-10-20,3689.050048828125,3736.0,3656.43994140625,3665.780029296875,3665.780029296875,4496620000,-0.007950909706564868,-0.014569957756881635,-0.003308887297697516,0.02308354549576852,-0.0011253362920089494
2022-10-21,3657.10009765625,3757.889892578125,3647.419921875,3752.75,3752.75,5078020000,0.02372481982226482,0.015585276215488442,0.00880919244278311,0.020337429769617277,0.04735601827577951
2022-10-24,3762.010009765625,3810.739990234375,3741.64990234375,3797.340087890625,3797.340087890625,4747930000,0.011881976654619875,0.03588869423214791,0.027652436758256682,0.020795839716354347,0.03246105528997467
2022-10-25,3799.43994140625,3862.85009765625,3799.43994140625,3859.110107421875,3859.110107421875,4843120000,0.016266654579669915,0.028341911244254225,0.05273913780420769,0.044368903974959295,0.037400773037384205
2022-10-26,3825.969970703125,3886.14990234375,3824.070068359375,3830.60009765625,3830.60009765625,4817310000,-0.007387716072364547,0.008758765081823494,0.02074481317866894,0.04496179995584426,0.0366534030375858
2022-10-27,3834.68994140625,3859.949951171875,3803.7900390625,3807.300048828125,3807.300048828125,4687320000,-0.006082610618211248,-0.01342539009034971,0.0026228783061230665,0.014536019939544342,0.03860570421580767
2022-10-28,3808.260009765625,3905.419921875,3808.260009765625,3901.06005859375,3901.06005859375,4459410000,0.024626377895927698,0.018393974610038555,0.010870369075812736,0.02731384819439242,0.039520367355605934
2022-10-31,3881.85009765625,3893.72998046875,3863.179931640625,3871.97998046875,3871.97998046875,4820620000,-0.00745440410765752,0.016988398815726002,0.010802454382491833,0.003334932844264671,0.019655835624558637
2022-11-01,3901.7900390625,3911.7900390625,3843.800048828125,3856.10009765625,3856.10009765625,4481210000,-0.004101230608784645,-0.01152506248614571,0.012817494865724033,0.006656920417143608,-0.0007799750931791749
2022-11-02,3852.89990234375,3894.43994140625,3758.679931640625,3759.68994140625,3759.68994140625,4899000000,-0.02500198485734284,-0.029000676560550276,-0.03623889790572998,-0.012504952804160863,-0.018511500663665248
2022-11-03,3733.25,3750.590087890625,3698.14990234375,3719.889892578125,3719.889892578125,4625290000,-0.010585992315429671,-0.035323306353202244,-0.03927966793676774,-0.046441265526410036,-0.02295856778530092
2022-11-04,3766.97998046875,3796.340087890625,3708.840087890625,3770.550048828125,3770.550048828125,5400180000,0.013618724670070526,0.0028885646399374743,-0.022185640066792467,-0.02619588224945979,-0.03345501166487319
2022-11-07,3780.7099609375,3813.949951171875,3764.699951171875,3806.800048828125,3806.800048828125,4341620000,0.009613981920559844,0.023363636763389595,0.012530317168722327,-0.01278495048873074,-0.01683374706723928
2022-11-08,3817.02001953125,3859.39990234375,3786.280029296875,3828.110107421875,3828.110107421875,4607640000,0.005597892802462701,0.015265692763218874,0.029092316699929732,0.018198353343476414,-0.007258626468588658
2022-11-09,3810.93994140625,3818.199951171875,3744.219970703125,3748.570068359375,3748.570068359375,4645010000,-0.02077788695478977,-0.015296306536161652,-0.005829383030091728,0.007709952877495763,-0.0029576569398475083
2022-11-10,3859.889892578125,3958.330078125,3859.889892578125,3956.3701171875,3956.3701171875,5781260000,0.05543448436034493,0.03350478595611883,0.039290234958733405,0.049281952487841174,0.06357183450004733
2022-11-11,3963.719970703125,4001.47998046875,3944.820068359375,3992.929931640625,3992.929931640625,5593310000,0.009240746788147902,0.06518748718179834,0.043055141987478285,0.048894052859381976,0.05897810132015491
2022-11-14,3977.969970703125,4008.969970703125,3956.39990234375,3957.25,3957.25,4561930000,-0.008935777048800997,0.00022239648628352704,0.05566920928116925,0.03373463378907271,0.039521369455217226
2022-11-15,4006.409912109375,4028.840087890625,3953.169921875,3991.72998046875,3991.72998046875,5015310000,0.008713116550319144,-0.0003005189653758622,0.008937450803107927,0.06486737814021915,0.042741684135378266
2022-11-16,3976.820068359375,3983.090087890625,3954.340087890625,3958.7900390625,3958.7900390625,4165320000,-0.008252046497990273,0.00038916900941310395,-0.008550085566890409,0.0006116520455170527,0.05608004302161307
2022-11-17,3919.260009765625,3954.330078125,3906.5400390625,3946.56005859375,3946.56005859375,4051780000,-0.0030893228355314273,-0.011315876097835575,-0.002701356094825913,-0.011612994427834256,-0.0024795603806460065
2022-11-18,3966.389892578125,3979.889892578125,3935.97998046875,3965.340087890625,3965.340087890625,4037360000,0.00475858190881473,0.0016545582775275847,-0.006611141712302371,0.002044371189746652,-0.006909673904210933
2022-11-21,3956.22998046875,3962.0,3933.340087890625,3949.93994140625,3949.93994140625,3850690000,-0.003883688698329779,0.0008564123597054607,-0.00223555621008531,-0.010469154794281121,-0.001847257209868003
2022-11-22,3965.510009765625,4005.8798828125,3956.8798828125,4003.580078125,4003.580078125,3887990000,0.013579987927526016,0.009643558783558603,0.014448030356737362,0.011314072891096538,0.0029686621375273337
2022-11-23,4000.300048828125,4033.780029296875,3998.659912109375,4027.260009765625,4027.260009765625,3279720000,0.0059146891478476515,0.019574998482596584,0.015615286583890109,0.020448175112943945,0.01729568126309111
2022-11-25,4023.340087890625,4034.02001953125,4020.760009765625,4026.1201171875,4026.1201171875,1706460000,-0.0002830441976333642,0.005629970831770192,0.019286413695223992,0.015327822569994876,0.020159343177992506
2022-11-28,4005.360107421875,4012.27001953125,3955.77001953125,3963.93994140625,3963.93994140625,3615430000,-0.015444192913123267,-0.015722865721565338,-0.009901172436974082,0.0035443576883895656,-0.00035309619183754304
2022-11-29,3964.18994140625,3976.77001953125,3937.64990234375,3957.6298828125,3957.6298828125,3546040000,-0.0015918653377758885,-0.017011473175530756,-0.01728970237438865,-0.011477276441544282,0.0019468502104647012
2022-11-30,3957.179931640625,4080.110107421875,3938.580078125,4080.110107421875,4080.110107421875,6579360000,0.030947872397389053,0.02930674221426588,0.013409930320730234,0.013123090520128944,0.0191153986690622
2022-12-01,4087.139892578125,4100.509765625,4050.8701171875,4076.570068359375,4076.570068359375,4527130000,-0.0008676332180498347,0.03005338777721933,0.02841368149315815,0.01253066220168253,0.012244071272820456
2022-12-02,4040.169921875,4080.47998046875,4026.6298828125,4071.699951171875,4071.699951171875,4012620000,-0.001194660488065602,-0.002061257178991749,0.028822823694243604,0.027185076302492117,0.011321031826595274
2022-12-05,4052.02001953125,4052.449951171875,3984.489990234375,3998.840087890625,3998.840087890625,4280820000,-0.017894212283564803,-0.019067495263250245,-0.01991858488902465,0.01041284968488232,0.008804408492625537
2022-12-06,3996.6298828125,4001.510009765625,3918.389892578125,3941.260009765625,3941.260009765625,4368380000,-0.014399194981406072,-0.03203574501326112,-0.03319213366255369,-0.0340309682828599,-0.004136281949448373
2022-12-07,3933.280029296875,3957.570068359375,3922.679931640625,3933.919921875,3933.919921875,4118050000,-0.0018623708845491027,-0.016234749224460776,-0.03383845345903269,-0.03499268848377357,-0.03582996088290591
2022-12-08,3947.7900390625,3974.18994140625,3935.830078125,3963.510009765625,3963.510009765625,4006900000,0.00752178195750397,0.005645402725237281,-0.008835081510757958,-0.026571196970226585,-0.02773411389915137
2022-12-09,3954.169921875,3977.02001953125,3933.0400390625,3934.3798828125,3934.3798828125,3888260000,-0.007349578247904498,0.00011692178453914792,-0.0017456668517371599,-0.016119725635772464,-0.03372548812685794
2022-12-12,3939.2900390625,3990.7099609375,3935.300048828125,3990.56005859375,3990.56005859375,3904130000,0.014279296218109305,0.006824771165324872,0.01439788756344429,0.012508702472298072,-0.002070607754970921
2022-12-13,4069.3798828125,4100.9599609375,3993.030029296875,4019.64990234375,4019.64990234375,5079360000,0.0072896644387934195,0.021673051934754772,0.014164185895785053,0.021792507771202674,0.019889551154679275
2022-12-14,4015.5400390625,4053.760009765625,3965.64990234375,3995.320068359375,3995.320068359375,4472340000,-0.006052724634100337,0.0011928174731701269,0.015489146285312838,0.008025729344791399,0.015607879088476828
2022-12-15,3958.3701171875,3958.3701171875,3879.449951171875,3895.75,3895.75,4493900000,-0.024921675023714007,-0.030823555621475207,-0.02375858455997293,-0.009818544208518354,-0.017095960297481838
2022-12-16,3890.909912109375,3890.909912109375,3827.909912109375,3852.360107421875,3852.360107421875,7493660000,-0.011137750774080746,-0.03578185439250792,-0.04161800131507298,-0.03463171814047972,-0.02084693848424035
2022-12-19,3853.7900390625,3854.860107421875,3800.0400390625,3817.659912109375,3817.659912109375,3969610000,-0.009007516001852345,-0.020044943307610863,-0.04446706476834372,-0.050250642504114595,-0.043327288387010054
2022-12-20,3810.469970703125,3838.239990234375,3795.6201171875,3821.6201171875,3821.6201171875,3985370000,0.0010373383615349674,-0.007979521482208263,-0.019028398334723695,-0.04347585379891794,-0.04926543106174097
2022-12-21,3839.489990234375,3889.820068359375,3839.489990234375,3878.43994140625,3878.43994140625,3775200000,0.014867993802734736,0.01592075530460013,0.006769832844580215,-0.0044433186405057334,-0.029254258721034154
2022-12-22,3853.260009765625,3853.260009765625,3764.489990234375,3822.389892578125,3822.389892578125,3956950000,-0.01445169956861636,0.00020142645449316987,0.0012389737634164177,-0.00777970231443581,-0.01883080470304177
2022-12-23,3815.110107421875,3845.800048828125,3797.010009765625,3844.820068359375,3844.820068359375,2819280000,0.005868102525282026,-0.008668401098067546,0.006070710970861537,0.007114346713768205,-0.001957251879951105
2022-12-27,3843.340087890625,3846.64990234375,3813.219970703125,3829.25,3829.25,3030300000,-0.004049622110409712,0.0017947168171397188,-0.012682919459728659,0.0019965047750782894,0.003035914187605293
2022-12-28,3829.56005859375,3848.320068359375,3780.780029296875,3783.219970703125,3783.219970703125,3083520000,-0.012020638322615351,-0.016021581390292527,-0.010247495147226005,-0.02455110099464375,-0.010048132809347687
2022-12-29,3805.449951171875,3858.18994140625,3805.449951171875,3849.280029296875,3849.280029296875,3003680000,0.01746133164481911,0.005230796969870166,0.001159992108396235,0.007034901586298714,-0.007518464266537572
2022-12-30,3829.06005859375,3839.85009765625,3800.340087890625,3839.5,3839.5,2979870000,-0.0025407424823445934,0.01487622441536618,0.002676764379447638,-0.001383697615177426,0.004476285230634813
2023-01-03,3853.2900390625,3878.4599609375,3794.330078125,3824.139892578125,3824.139892578125,3959140000,-0.004000548879248611,-0.0065311269971028985,0.01081616247320527,-0.0013344930265390964,-0.00537871094448239
2023-01-04,3840.360107421875,3873.159912109375,3815.77001953125,3852.969970703125,3852.969970703125,4414080000,0.007538970575044379,0.003508261675511104,0.0009586056036885449,0.018436675778870093,0.006194416844845563
2023-01-05,3839.739990234375,3839.739990234375,3802.419921875,3808.10009765625,3808.10009765625,3893450000,-0.011645528874622113,-0.004194353599094258,-0.008178122761752782,-0.010698086740170809,0.00657644206411323
2023-01-06,3823.3701171875,3906.18994140625,3809.56005859375,3895.080078125,3895.080078125,3923560000,0.02284078102943865,0.01092925917981935,0.01855062511822725,0.014475863556452584,0.011898341632601728
2023-01-09,3910.820068359375,3950.570068359375,3890.419921875,3892.090087890625,3892.090087890625,4311770000,-0.0007676325452631305,0.022055615157297925,0.010153236979514091,0.017768752509388364,0.013697118867202818
2023-01-10,3888.570068359375,3919.830078125,3877.2900390625,3919.25,3919.25,3851030000,0.006978233159061986,0.006205243894917611,0.029187757541394133,0.0172023217935382,0.024870980166406653
2023-01-11,3932.35009765625,3970.070068359375,3928.5400390625,3969.610107421875,3969.610107421875,4303360000,0.012849424614881588,0.019917324054866237,0.019134402323443878,0.04241222804648137,0.030272786345507008
2023-01-12,3977.570068359375,3997.760009765625,3937.56005859375,3983.169921875,3983.169921875,4440260000,0.0034159058663651987,0.01630922290616832,0.02340126562531264,0.02261566950695504,0.04597301009143617
2023-01-13,3960.60009765625,4003.949951171875,3947.669921875,3999.090087890625,3999.090087890625,3939700000,0.003996858363534361,0.007426417121830786,0.020371266923677966,0.027491655533078863,0.0267029194983055
2023-01-17,3999.280029296875,4015.389892578125,3984.570068359375,3990.969970703125,3990.969970703125,4235560000,-0.0020304911890052235,0.0019582515888383334,0.0053808466582936365,0.01829941205667529,0.025405342779742712
2023-01-18,4002.25,4014.159912109375,3926.590087890625,3928.860107421875,3928.860107421875,4298710000,-0.015562598500411085,-0.017561489970283173,-0.013634822394812507,-0.010265491798252646,0.0024520271536327964
2023-01-19,3911.840087890625,3922.93994140625,3885.5400390625,3898.85009765625,3898.85009765625,3991500000,-0.007638350296294338,-0.023082076217838643,-0.02506569945445969,-0.0211690251414276,-0.017825430672228193
2023-01-20,3909.0400390625,3972.9599609375,3897.860107421875,3972.610107421875,3972.610107421875,4013360000,0.018918401045981525,0.011135545375452027,-0.004600351146720194,-0.006621501363255677,-0.002651108202824104
2023-01-23,3978.139892578125,4039.31005859375,3971.639892578125,4019.81005859375,4019.81005859375,3945210000,0.01188134498366522,0.031024522079013517,0.023149195615304485,0.00722633547792495,0.005181171278402896
2023-01-24,4001.739990234375,4023.919921875,3989.7900390625,4016.949951171875,4016.949951171875,3320430000,-0.0007115031258156934,0.0111613882437549,0.030290944908761608,0.022421221764448385,0.006509690791828504
2023-01-25,3982.7099609375,4019.550048828125,3949.06005859375,4016.219970703125,4016.219970703125,3724020000,-0.0001817250594663422,-0.0008930988873342427,0.010977634880346088,0.030103715225530348,0.02223542220712349
2023-01-26,4036.080078125,4061.570068359375,4013.2900390625,4060.429931640625,4060.429931640625,3809590000,0.011007853469181317,0.010824128006888811,0.01010492348016201,0.022106328545728582,0.041442945980792345
2023-01-27,4053.719970703125,4094.2099609375,4048.699951171875,4070.56005859375,4070.56005859375,3907760000,0.002494840970949097,0.01353015728396767,0.013345973455864302,0.012624974628217656,0.024656321290850824
2023-01-30,4049.27001953125,4063.85009765625,4015.550048828125,4017.77001953125,4017.77001953125,3802000000,-0.012968740984683369,-0.010506254960084505,0.0003859471939864356,0.00020415199824319608,-0.0005074963823573642
2023-01-31,4020.85009765625,4077.159912109375,4020.43994140625,4076.60009765625,4076.60009765625,4679320000,0.014642470285510134,0.0014838348963179815,0.003982377799360615,0.015034068699816272,0.01484961157332143
2023-02-01,4070.070068359375,4148.9501953125,4037.199951171875,4119.2099609375,4119.2099609375,4856930000,0.010452303944590291,0.02524782178002427,0.011951648334248333,0.014476306767132074,0.025643513299981047
2023-02-02,4158.68017578125,4195.43994140625,4141.8798828125,4179.759765625,4179.759765625,5624360000,0.014699373244309921,0.025305319505845025,0.04031832218028475,0.026826703318308276,0.029388472647811303
2023-02-03,4136.68994140625,4182.35986328125,4123.35986328125,4136.47998046875,4136.47998046875,4694510000,-0.010354610691310495,0.004192556265648406,0.014688682082632187,0.029546230959070607,0.01619431255800552
2023-02-06,4119.56982421875,4124.6298828125,4093.3798828125,4111.080078125,4111.080078125,4114240000,-0.006140463017754394,-0.01643149160505164,-0.001973650988805087,0.008458023755769872,0.02322434040279786
2023-02-07,4105.35009765625,4176.5400390625,4088.389892578125,4164.0,4164.0,4355860000,0.01287251059802652,0.006653004404999274,-0.0037704955568524934,0.01087345376595139,0.021439410354230803
2023-02-08,4153.47021484375,4156.85009765625,4111.669921875,4117.85986328125,4117.85986328125,4029820000,-0.011080724476164705,0.0016491493786086053,-0.004501440179915939,-0.014809440210613145,-0.0003277564554982071
2023-02-09,4144.25,4156.22998046875,4069.669921875,4081.5,4081.5,4270200000,-0.00882979617773516,-0.019812680115273817,-0.007195208452006385,-0.01329148955835624,-0.023508472049782347
2023-02-10,4068.919921875,4094.360107421875,4060.7900390625,4090.4599609375,4090.4599609375,3891520000,0.0021952617756952897,-0.006653918116076185,-0.017660912358909653,-0.005015742042393967,-0.011125406081630485
2023-02-13,4096.6201171875,4138.89990234375,4092.669921875,4137.2900390625,4137.2900390625,3448620000,0.011448609342766147,0.013669003812936342,0.004718513117580203,-0.006414495902377526,0.00637544402916479
2023-02-14,4126.7001953125,4159.77001953125,4095.010009765625,4136.1298828125,4136.1298828125,3929200000,-0.0002804145319874607,0.011164984454347993,0.013384756293641997,0.00443677544594534,-0.0066931117164985565
2023-02-15,4119.5,4148.10986328125,4103.97998046875,4147.60009765625,4147.60009765625,4075980000,0.002773175690496066,0.0024919835197452223,0.013969122608317619,0.016195050264914856,0.007222255094252228
2023-02-16,4114.75,4136.5400390625,4089.489990234375,4090.409912109375,4090.409912109375,4143660000,-0.013788741489130674,-0.011053804401334744,-0.011331119285934332,-1.2235501289037387e-05,0.0021829994142779086
2023-02-17,4077.389892578125,4081.510009765625,4047.949951171875,4079.090087890625,4079.090087890625,4045480000,-0.002767405825327751,-0.016517988270937423,-0.013790619863970233,-0.014067167305742756,-0.0027796074660193515
2023-02-21,4052.35009765625,4052.35009765625,3995.18994140625,3997.340087890625,3997.340087890625,4121590000,-0.020041234255327334,-0.02275317785223019,-0.03622818165390029,-0.033555473076077647,-0.03382647816578688
2023-02-22,4001.830078125,4017.3701171875,3976.89990234375,3991.050048828125,3991.050048828125,4079320000,-0.0015735561458868341,-0.021583254393880535,-0.02429093059526921,-0.03774473072189122,-0.03507622780107744
2023-02-23,4018.60009765625,4028.300048828125,3969.18994140625,4012.320068359375,4012.320068359375,3952940000,0.005329429416074394,0.003747487113775927,-0.016368851408667506,-0.019090957979252976,-0.03261645918402789
2023-02-24,3973.239990234375,3978.25,3943.080078125,3970.0400390625,3970.0400390625,3877700000,-0.010537551485558128,-0.005264281206344146,-0.006829553710185121,-0.026733915279747333,-0.02942733751219606
2023-02-27,3992.360107421875,4018.050048828125,3973.550048828125,3982.239990234375,3982.239990234375,3836950000,0.0030730045671669703,-0.0074969288622329655,-0.002207453799367154,-0.003777536392761127,-0.023743064156333205
2023-02-28,3977.18994140625,3997.5,3968.97998046875,3970.14990234375,3970.14990234375,5043400000,-0.0030360018281855305,2.7673091497648628e-05,-0.010510170000686991,-0.0052367537937820785,-0.006802069613552231
2023-03-01,3963.340087890625,3971.72998046875,3939.050048828125,3951.389892578125,3951.389892578125,4249480000,-0.004725264845680033,-0.0077469207611554625,-0.004697722516868952,-0.015185771509540702,-0.009937273590854945
2023-03-02,3938.679931640625,3990.840087890625,3928.159912109375,3981.35009765625,3981.35009765625,4244900000,0.0075821940867943916,0.002821101365942935,-0.0002234653311471435,0.002848852526036616,-0.0077187188896893355
2023-03-03,3998.02001953125,4048.2900390625,3995.169921875,4045.639892578125,4045.639892578125,4084730000,0.0161477371607488,0.023852366524758528,0.019014392930052804,0.01592066337016984,0.01904259220858573
2023-03-06,4055.14990234375,4078.489990234375,4044.610107421875,4048.419921875,4048.419921875,4000870000,0.0006871667698291617,0.016846000118962756,0.024555923848245342,0.019714625758852078,0.016618770290820706
2023-03-07,4048.260009765625,4050.0,3980.31005859375,3986.3701171875,3986.3701171875,3922500000,-0.015326919115337678,-0.014650284495008492,0.0012608837223848646,0.00885263807428327,0.004085542169119272
2023-03-08,3987.550048828125,4000.409912109375,3969.760009765625,3992.010009765625,3992.010009765625,3535570000,0.0014147940136839399,-0.01393380953506651,-0.013256217616126942,0.0026774616268110396,0.010279956747319963
2023-03-09,3998.659912109375,4017.81005859375,3908.699951171875,3918.320068359375,3918.320068359375,4445260000,-0.01845935787384867,-0.01707068004918122,-0.03213595823216142,-0.03147087422494599,-0.0158313204694005
2023-03-10,3912.77001953125,3934.050048828125,3846.320068359375,3861.590087890625,3861.590087890625,5518190000,-0.01447813845705137,-0.03267023919177425,-0.03130166683692459,-0.046148827836477446,-0.04549337300760414
2023-03-13,3835.1201171875,3905.050048828125,3808.860107421875,3855.760009765625,3855.760009765625,6558020000,-0.001509761003189447,-0.015966040931399528,-0.03413067594186703,-0.032764169804188725,-0.0475889151390565
2023-03-14,3894.010009765625,3937.2900390625,3873.6298828125,3919.2900390625,3919.2900390625,5665870000,0.016476655480623936,0.01494201866552669,0.00024754759340805954,-0.018216379850058195,-0.01682735826153714
2023-03-15,3876.739990234375,3894.260009765625,3838.239990234375,3891.929931640625,3891.929931640625,6594010000,-0.00698088356543769,0.009380750301728025,0.007856826607552492,-0.0067350640729560984,-0.025070096988778823
2023-03-16,3878.929931640625,3964.4599609375,3864.110107421875,3960.280029296875,3960.280029296875,5695790000,0.017562006217166637,0.010458524331151464,0.027107501314015403,0.025556814462448285,0.01070866090708833
2023-03-17,3958.68994140625,3958.909912109375,3901.27001953125,3916.639892578125,3916.639892578125,9354280000,-0.011019457310067593,0.006349025129309904,-0.0006761802413094431,0.01578933405043559,0.014255734926430508
2023-03-20,3917.469970703125,3956.6201171875,3916.889892578125,3951.570068359375,3951.570068359375,5347140000,0.008918403718310097,-0.0021993295608053742,0.01532405201694087,0.008236193028622107,0.02484855342425063
2023-03-21,3975.889892578125,4009.080078125,3971.18994140625,4002.8701171875,4002.8701171875,4920240000,0.012982193897784988,0.022016378062424735,0.010754312214175998,0.02850518572930949,0.0213253107812843
2023-03-22,4002.0400390625,4039.489990234375,3936.169921875,3936.969970703125,3936.969970703125,4533010000,-0.01646322377571363,-0.003694758641167639,0.005190693727938678,-0.0058859622100734255,0.011572674702166053
2023-03-23,3959.2099609375,4007.659912109375,3919.050048828125,3948.719970703125,3948.719970703125,4991600000,0.0029845287333754023,-0.013527830006740738,-0.0007212570211195812,0.00819071423589146,-0.0029190003000374443
2023-03-24,3939.2099609375,3972.739990234375,3909.159912109375,3970.989990234375,3970.989990234375,4583970000,0.005639807253104534,0.008641168153277645,-0.007964317107427066,0.004914482481405802,0.01387671553855152
2023-03-27,3982.929931640625,4003.830078125,3970.489990234375,3977.530029296875,3977.530029296875,4233540000,0.0016469543057482383,0.007296050063691828,0.010302354068122632,-0.00633047966803113,0.0065695307152375815
2023-03-28,3974.1298828125,3979.199951171875,3951.530029296875,3971.27001953125,3971.27001953125,4014600000,-0.0015738434957162095,7.051876171026983e-05,0.005710723727038403,0.008712296279465681,-0.007894359979497168
2023-03-29,3999.530029296875,4030.590087890625,3999.530029296875,4027.81005859375,4027.81005859375,4145250000,0.014237268879836451,0.012641018151096972,0.014308791636118201,0.0200292977160752,0.02307360446399387
2023-03-30,4046.739990234375,4057.85009765625,4032.10009765625,4050.830078125,4050.830078125,3930860000,0.005715269388667954,0.020033908095511643,0.018428534363845506,0.02010583962361312,0.025859039936856565
2023-03-31,4056.179931640625,4110.75,4056.179931640625,4109.31005859375,4109.31005859375,4525120000,0.014436542471763847,0.020234320589698873,0.03475967093237187,0.03313112115464545,0.03483264090303373
2023-04-03,4102.2001953125,4127.66015625,4098.7900390625,4124.509765625,4124.509765625,4234700000,0.0036988464765423945,0.018188787502561476,0.02400801071165981,0.03858708809526834,0.03695251456193471
2023-04-04,4128.02978515625,4133.1298828125,4086.8701171875,4100.60009765625,4100.60009765625,4227800000,-0.005796972083329965,-0.0021195677165525284,0.012286375525849547,0.018071864860458087,0.03256642773947305
2023-04-05,4094.5,4099.68994140625,4072.56005859375,4090.3798828125,4090.3798828125,3968020000,-0.002492370531228194,-0.008274894412167333,-0.004606655499665102,0.009763382794325093,0.01553445254580721
2023-04-06,4081.14990234375,4107.31982421875,4069.840087890625,4105.02001953125,4105.02001953125,3486690000,0.0035791630944272956,0.0010778719625759159,-0.004725348514430405,-0.001043980376591036,0.013377490628126543
2023-04-10,4085.199951171875,4109.5,4072.550048828125,4109.10986328125,4109.10986328125,3423650000,0.0009963029974375814,0.004579032022784091,0.0020752488470807684,-0.003733753395881778,-4.871749993196062e-05
2023-04-11,4110.2900390625,4124.259765625,4102.60986328125,4108.93994140625,4108.93994140625,3665830000,-4.1352477946232646e-05,0.0009549093198935044,0.0045374901905170795,0.00203381055245222,-0.0037749514738730783
2023-04-12,4121.72021484375,4134.3701171875,4086.93994140625,4091.949951171875,4091.949951171875,3633120000,-0.004134884052006904,-0.0041760655422515836,-0.0031839231714313465,0.000383844142685108,-0.0021094830703728418
2023-04-13,4100.0400390625,4150.259765625,4099.39990234375,4146.22021484375,4146.22021484375,3596590000,0.01326268999363811,0.009072966256289838,0.00903123858870658,0.010036539436220515,0.01365162494219363
2023-04-14,4140.10986328125,4163.18994140625,4113.2001953125,4137.64013671875,4137.64013671875,3575690000,-0.0020693734728036706,0.011165871061983523,0.006984817427795553,0.006943176110340676,0.00794639661494867
2023-04-17,4137.169921875,4151.72021484375,4123.18017578125,4151.31982421875,4151.31982421875,3611180000,0.00330615690296554,0.0012299417567700477,0.014508944086638387,0.01031406723311612,0.010272288242932026
2023-04-18,4164.259765625,4169.47998046875,4140.35986328125,4154.8701171875,4154.8701171875,3536640000,0.0008552202959737354,0.004164204691424311,0.0020862139238968513,0.01537657272606796,0.011178108328721681
2023-04-19,4139.330078125,4162.56982421875,4134.490234375,4154.52001953125,4154.52001953125,3572560000,-8.42619976980652e-05,0.0007708862357052038,0.004079591809520222,0.002001776137646072,0.015291015067634417
2023-04-20,4130.47998046875,4148.56982421875,4114.56982421875,4129.7900390625,4129.7900390625,3772080000,-0.00595254815297297,-0.006036308577072269,-0.005186250654706348,-0.0018972403101433777,-0.003962687684177735
2023-04-21,4132.14013671875,4138.02001953125,4113.85986328125,4133.52001953125,4133.52001953125,3611750000,0.0009031888869577287,-0.005054735541356048,-0.005138571616939536,-0.004287745931704889,-0.0009957649895496745
2023-04-24,4132.06982421875,4142.41015625,4117.77001953125,4137.0400390625,4137.0400390625,3290940000,0.0008515791660903549,0.0017555371898871908,-0.0042074608827429305,-0.004291368351381664,-0.0034398181207195844
2023-04-25,4126.43017578125,4126.43017578125,4071.3798828125,4071.6298828125,4071.6298828125,3978640000,-0.015810858882773227,-0.014972743914705489,-0.014083078243658842,-0.019951796195244342,-0.020034377014737315
2023-04-26,4087.780029296875,4089.669921875,4049.35009765625,4055.989990234375,4055.989990234375,3837030000,-0.003841187197329843,-0.019591313611383776,-0.018756417999801323,-0.017870169701140082,-0.023716344808465295
2023-04-27,4075.2900390625,4138.240234375,4075.2900390625,4135.35009765625,4135.35009765625,3750550000,0.01956614972249704,0.01564980528135207,-0.0004084904642674969,0.0004427408398539612,0.0013463296054179175
2023-04-28,4129.6298828125,4170.06005859375,4127.18017578125,4169.47998046875,4169.47998046875,4087800000,0.008253202753460531,0.027980835876721954,0.024032169050851815,0.007841340934568564,0.008699597623232913
2023-05-01,4166.7900390625,4186.919921875,4164.1201171875,4167.8701171875,4167.8701171875,3321370000,-0.0003861064902076494,0.007863909648104794,0.027583925804180787,0.02363678358419974,0.0074522068517342
2023-05-02,4164.10009765625,4164.10009765625,4089.719970703125,4119.580078125,4119.580078125,4486130000,-0.011586262936400304,-0.011967895895291014,-0.0038134666131866,0.015678068250595034,0.011776658658222194
2023-05-03,4122.25,4148.2998046875,4088.860107421875,4090.75,4090.75,4246510000,-0.006998305064656485,-0.018503483798468556,-0.018882445973490203,-0.010785083875130108,0.008570043281496353
2023-05-04,4082.550048828125,4082.610107421875,4048.280029296875,4061.219970703125,4061.219970703125,4920090000,-0.007218732334382416,-0.014166518507982784,-0.02558864443605624,-0.025964870984571564,-0.017925961575814053
2023-05-05,4084.72998046875,4147.02001953125,4084.72998046875,4136.25,4136.25,4186270000,0.018474751389515376,0.011122654769907703,0.004046509974042545,-0.007586636890891785,-0.007969814131357
2023-05-08,4136.97998046875,4142.2998046875,4123.81005859375,4138.1201171875,4138.1201171875,3641640000,0.0004521286642489297,0.018935233018432474,0.011579812305200665,0.00450046818144112,-0.007137938362646312
2023-05-09,4124.25,4130.35009765625,4116.64990234375,4119.169921875,4119.169921875,3810140000,-0.004579421277258522,-0.004129363100634609,0.014269099332199442,0.006947362189085204,-9.956263556520906e-05
2023-05-10,4143.740234375,4154.27978515625,4098.919921875,4137.64013671875,4137.64013671875,4057160000,0.004483965263404999,-0.00011598997978734538,0.0003360862420671573,0.018817046741349985,0.0114624791832183
2023-05-11,4132.240234375,4132.7998046875,4109.2900390625,4130.6201171875,4130.6201171875,3752900000,-0.0016966239932159066,0.002779733667138462,-0.001812417181620507,-0.0013611079631308254,0.017088497295151273
2023-05-12,4138.5400390625,4143.740234375,4099.1201171875,4124.080078125,4124.080078125,3533740000,-0.0015833068345566526,-0.0032772445514083204,0.0011920256612683033,-0.0033928544036663233,-0.0029422597461469246
2023-05-15,4126.64990234375,4141.25,4110.27001953125,4136.27978515625,4136.27978515625,3562170000,0.0029581644391338813,0.0013701739226030796,-0.0003287747405646968,0.0041537163083240625,-0.0004447265857765448
2023-05-16,4127.9501953125,4135.5400390625,4109.85986328125,4109.89990234375,4109.89990234375,3654200000,-0.006377683373153031,-0.0034383851701775825,-0.0050162479859944265,-0.006704361292521388,-0.0022504581522654332
2023-05-17,4122.85009765625,4164.669921875,4113.6201171875,4158.77001953125,4158.77001953125,4039080000,0.011890829058788244,0.005437309742853946,0.008411558638313776,0.006814933725475925,0.005106747352189078
2023-05-18,4157.68017578125,4202.2001953125,4153.5,4198.0498046875,4198.0498046875,3980500000,0.009445048649426635,0.02144818716715724,0.01493371404732402,0.01793605486829697,0.01632434975548236
2023-05-19,4204.14990234375,4212.91015625,4180.2001953125,4191.97998046875,4191.97998046875,4041900000,-0.0014458676054706077,0.007985524754081874,0.019971308322665582,0.013466254268482913,0.016464254102122267
2023-05-22,4190.77978515625,4209.22021484375,4179.68017578125,4192.6298828125,4192.6298828125,3728520000,0.0001550346964389604,-0.0012910570686770484,0.00814179748392685,0.020129439264827687,0.013623376701564549
2023-05-23,4176.7998046875,4185.68017578125,4142.5400390625,4145.580078125,4145.580078125,4155320000,-0.011222026747550129,-0.011068731854621539,-0.012498595539269908,-0.0031715967327610173,0.008681519411434468
2023-05-24,4132.9599609375,4132.9599609375,4103.97998046875,4115.240234375,4115.240234375,3739160000,-0.007318600335353365,-0.018458497554185604,-0.01830632456531167,-0.019725723649118176,-0.010466985419202435
2023-05-25,4155.7099609375,4165.740234375,4129.72998046875,4151.27978515625,4151.27978515625,4147760000,0.008757581265902425,0.0013748876933594723,-0.00986256808066055,-0.009709062424470116,-0.011140892011101688
2023-05-26,4156.16015625,4212.8701171875,4156.16015625,4205.4501953125,4205.4501953125,3715460000,0.01304908677799732,0.02192094648180376,0.014441915500177371,0.0030578211905982755,0.0032133299554173433
2023-05-30,4226.7099609375,4231.10009765625,4192.18017578125,4205.52001953125,4205.52001953125,4228510000,1.660326849850513e-05,0.013065906703987329,0.02193791370966247,0.014458758551676665,0.0030744752289231236
2023-05-31,4190.740234375,4195.43994140625,4166.14990234375,4179.830078125,4179.830078125,5980670000,-0.006108624209833935,-0.006092122364463326,0.00687746778013798,0.01569527902902834,0.0082618112193098
2023-06-01,4183.02978515625,4232.43017578125,4171.64013671875,4221.02001953125,4221.02001953125,4391860000,0.009854453563032717,0.0036856321995888397,0.003702296661628468,0.016799695030041306,0.02570440099041149
2023-06-02,4241.009765625,4290.669921875,4241.009765625,4282.3701171875,4282.3701171875,4454200000,0.014534424705965554,0.024532107082328558,0.01827362544925326,0.018290532119661584,0.03157829363850406
2023-06-05,4282.990234375,4299.27978515625,4266.81982421875,4273.7900390625,4273.7900390625,3813290000,-0.0020035816359177394,0.012501722163618112,0.022479373367170208,0.016233431112963714,0.01625030390947768
2023-06-06,4271.33984375,4288.330078125,4263.08984375,4283.85009765625,4283.85009765625,3996560000,0.0023538963079141606,0.0003455984485811747,0.01488504622917608,0.024886183789057714,0.018625539234439437
2023-06-07,4285.47021484375,4299.18994140625,4263.9599609375,4267.52001953125,4267.52001953125,4537800000,-0.0038120096998572883,-0.0014670864675011552,-0.0034677286759143833,0.01101629458871023,0.020979307715204065
2023-06-08,4268.68994140625,4298.009765625,4261.06982421875,4293.93017578125,4293.93017578125,3826740000,0.0061886426142414575,0.002353041748709872,0.004712476872908766,0.002699453404868768,0.01727311311309454
2023-06-09,4304.8798828125,4322.6201171875,4291.7001953125,4298.85986328125,4298.85986328125,3786510000,0.001148059539441082,0.007343807083872278,0.0035038027201772515,0.0058659466163784035,0.003850612077542559
2023-06-12,4308.31982421875,4340.1298828125,4304.3701171875,4338.93017578125,4338.93017578125,3945670000,0.009321148810237156,0.010479909583488434,0.016733408612771727,0.012857610996970914,0.015241772787939478
2023-06-13,4352.60986328125,4375.3701171875,4349.31005859375,4369.009765625,4369.009765625,4275400000,0.006932489951473775,0.016318257532174085,0.017485051402842178,0.023781902751307538,0.01987923620748111
2023-06-14,4366.2900390625,4391.81982421875,4337.85009765625,4372.58984375,4372.58984375,4252110000,0.0008194255259321714,0.007757596136630518,0.01715105465486677,0.018318804626215934,0.02462081577540931
2023-06-15,4365.330078125,4439.2001953125,4362.60009765625,4425.83984375,4425.83984375,4176690000,0.01217813742034668,0.013007542022939411,0.020030206628780745,0.029538059975704467,0.030720030966677303
2023-06-16,4440.9501953125,4448.47021484375,4407.43994140625,4409.58984375,4409.58984375,6848600000,-0.0036716195284263176,0.008461804404747975,0.009288163749204825,0.016285043802537702,0.025757987929439397
2023-06-20,4396.10986328125,4400.14990234375,4367.18994140625,4388.7099609375,4388.7099609375,4055790000,-0.0047351076976228645,-0.008389341712157439,0.003686629151952392,0.00450907559591629,0.011472824668649295
2023-06-21,4380.009765625,4386.22021484375,4360.14013671875,4365.68994140625,4365.68994140625,3709330000,-0.005245281583003636,-0.009955552307426507,-0.013590618835584656,-0.001577989839045224,-0.000759857358266891
2023-06-22,4355.39990234375,4382.25,4351.81982421875,4381.89013671875,4381.89013671875,3511000000,0.003710798414438443,-0.0015539473511466673,-0.00628169694070535,-0.009930252467972633,0.0021269529732004244
2023-06-23,4354.169921875,4366.5498046875,4341.33984375,4348.330078125,4348.330078125,6053620000,-0.007658808766684566,-0.003976430647674056,-0.009200854732235308,-0.013892395391790768,-0.017513007330000052
2023-06-26,4344.83984375,4362.06005859375,4328.080078125,4328.81982421875,4328.81982421875,3415030000,-0.004486838293256468,-0.01211128322348587,-0.00844542733962994,-0.013646410278148502,-0.018316900753418297
2023-06-27,4337.35986328125,4384.419921875,4335.0,4378.41015625,4378.41015625,3573500000,0.011455854954693034,0.0069176160927439945,-0.0007941733727162559,0.0029136780244298777,-0.002346886620254063
2023-06-28,4367.47998046875,4390.35009765625,4360.22021484375,4376.85986328125,4376.85986328125,3739330000,-0.00035407668843834283,0.0110977220150692,0.006561090037707551,-0.0011479688628768248,0.002558569670525479
2023-06-29,4374.93994140625,4398.39013671875,4371.97021484375,4396.43994140625,4396.43994140625,3696660000,0.004473544672805918,0.004117884006484163,0.015620912843075763,0.011063986039899554,0.003320440319938056
2023-06-30,4422.43994140625,4458.47998046875,4422.43994140625,4450.3798828125,4450.3798828125,3923450000,0.012269004495714109,0.016797435108222514,0.016437410839586608,0.028081570388688748,0.02346873463007748
2023-07-03,4450.47998046875,4456.4599609375,4442.2900390625,4455.58984375,4455.58984375,2034280000,0.0011706778016009611,0.0134540453485259,0.01798777729422829,0.017627331553173198,0.029285122661377727
2023-07-05,4442.0400390625,4454.06005859375,4436.60986328125,4446.81982421875,4446.81982421875,3482620000,-0.0019683184132291975,-0.0007999448783010399,0.011459245090104764,0.01598405320773799,0.015624316938671834
2023-07-06,4422.6201171875,4422.6201171875,4385.0498046875,4411.58984375,4411.58984375,3682020000,-0.007922511336500904,-0.009875235724787434,-0.008716118642435045,0.0034459477544697137,0.007934908028495391
2023-07-07,4404.5400390625,4440.39013671875,4397.39990234375,4398.9501953125,4398.9501953125,3630480000,-0.0028651005386203243,-0.010764913083623817,-0.012712042720213645,-0.011556246624838229,0.000570974229082033
2023-07-10,4394.22998046875,4412.60009765625,4389.919921875,4409.52978515625,4409.52978515625,3429600000,0.002405026057131332,-0.0004669651229405325,-0.008385776922961163,-0.010337589457063645,-0.009179013641962164
2023-07-11,4415.5498046875,4443.64013671875,4408.4599609375,4439.259765625,4439.259765625,3624220000,0.0067422110558885695,0.009163452306292008,0.0062720975555332625,-0.0017001045449549501,-0.0036650766111038235
2023-07-12,4467.68994140625,4488.33984375,4463.22998046875,4472.16015625,4472.16015625,3920290000,0.007411233485312474,0.014203412641543345,0.016642598276177756,0.013729815020272484,0.005698529068625335
2023-07-13,4491.5,4517.3798828125,4489.35986328125,4510.0400390625,4510.0400390625,3839530000,0.008470153458069118,0.015944161228315767,0.02279387118431453,0.025253717095587325,0.02231626211851423
2023-07-14,4514.60986328125,4527.759765625,4499.56005859375,4505.419921875,4505.419921875,3647450000,-0.0010244071333035398,0.007437069439143018,0.014903420782515386,0.021746113846774273,0.024203439874348476
2023-07-17,4508.85986328125,4532.85009765625,4504.89990234375,4522.7900390625,4522.7900390625,3538240000,0.0038553825145495324,0.0028270258998965847,0.01132112470116775,0.01881626168495676,0.02568533594840816
2023-07-18,4521.77978515625,4562.2998046875,4514.58984375,4554.97998046875,4554.97998046875,4090010000,0.007117275205842377,0.011000097538771625,0.00996442182708246,0.01851897546714798,0.026067457403555983
2023-07-19,4563.8701171875,4578.43017578125,4557.47998046875,4565.72021484375,4565.72021484375,4115670000,0.002357910335732072,0.009491967438344462,0.013383945118184526,0.012345827376030183,0.020920551886541183
2023-07-20,4554.3798828125,4564.740234375,4527.56005859375,4534.8701171875,4534.8701171875,3761770000,-0.006756896218903741,-0.00441491803860361,0.002670934980546713,0.006536614971117682,0.005505511682810216
2023-07-21,4550.16015625,4555.0,4535.7900390625,4536.33984375,4536.33984375,3570190000,0.0003240945218980773,-0.006434991570055115,-0.004092254367456416,0.0029958951378403764,0.006862827974119634
2023-07-24,4543.39013671875,4563.41015625,4541.2900390625,4554.64013671875,4554.64013671875,3856250000,0.004034153877153557,0.004359555846223717,-0.0024267974390934643,-7.460927412572538e-05,0.007042134916979803
2023-07-25,4555.18994140625,4580.6201171875,4552.419921875,4567.4599609375,4567.4599609375,3812470000,0.002814673351556163,0.0068601820541236425,0.007186499923444778,0.0003810452703811862,0.0027398540766947477
2023-07-26,4558.9599609375,4582.47021484375,4547.580078125,4566.75,4566.75,3990290000,-0.00015543889679858758,0.002658796945036901,0.006703676818194726,0.00702994396502632,0.00022554714432621026
2023-07-27,4598.259765625,4607.06982421875,4528.56005859375,4537.41015625,4537.41015625,4553210000,-0.006424666064487883,-0.00657910631828118,-0.0037829510019561363,0.00023594186874564826,0.0005601128581109727
2023-07-28,4565.75,4590.16015625,4564.009765625,4582.22998046875,4582.22998046875,3981010000,0.009877842794752345,0.003389714888870632,0.0032337490985292483,0.006057524397498515,0.010116115260186298
2023-07-31,4584.81982421875,4594.22021484375,4573.14013671875,4588.9599609375,4588.9599609375,4503600000,0.0014687129405193122,0.011361063450808784,0.004863406347511923,0.0047072114881958615,0.0075351341024880725
2023-08-01,4578.830078125,4584.6201171875,4567.52978515625,4576.72998046875,4576.72998046875,4042370000,-0.002665087639215691,-0.0012002889473996525,0.008665697581822007,0.0021853573041550334,0.00202957871782794
2023-08-02,4550.93017578125,4550.93017578125,4505.75,4513.39013671875,4513.39013671875,4270710000,-0.013839541336347905,-0.01646774538501561,-0.01502321883524449,-0.005293773034417915,-0.011684428374938438
2023-08-03,4494.27001953125,4519.490234375,4485.5400390625,4501.89013671875,4501.89013671875,4149120000,-0.0025479738404268204,-0.016352252387486277,-0.0189737598409907,-0.017532913907080117,-0.007828258479635863
2023-08-04,4513.9599609375,4540.33984375,4474.5498046875,4478.02978515625,4478.02978515625,4143310000,-0.005300074155050516,-0.007834543545177985,-0.021565658392280973,-0.024173271661883877,-0.022740062318268972
2023-08-07,4491.580078125,4519.83984375,4491.14990234375,4518.43994140625,4518.43994140625,3493920000,0.00902409277936278,0.0036761902633994925,0.0011188495863492243,-0.012736176115098252,-0.015367320728778666
2023-08-08,4498.02978515625,4503.31005859375,4464.39013671875,4499.3798828125,4499.3798828125,3884910000,-0.004218283044793103,0.004767743557003934,-0.0005575999924510855,-0.003104153082683747,-0.016900734364129533
2023-08-09,4501.56982421875,4502.43994140625,4461.330078125,4467.7099609375,4467.7099609375,3803100000,-0.007038730380597102,-0.011227322068368961,-0.002304545685014925,-0.007592405577041106,-0.01012103416667176
2023-08-10,4487.16015625,4527.3701171875,4457.919921875,4468.830078125,4468.830078125,4504370000,0.00025071394456976925,-0.0067897811438859534,-0.010979422970001984,-0.002054409522184275,-0.0073435951544224
2023-08-11,4450.68994140625,4476.22998046875,4443.97998046875,4464.0498046875,4464.0498046875,3753290000,-0.0010696923700230787,-0.000819246612246971,-0.007852210536825277,-0.012037370735046737,-0.003121904306016665
2023-08-14,4458.1298828125,4490.330078125,4453.43994140625,4489.72021484375,4489.72021484375,3896410000,0.005750475751703066,0.004674632141644208,0.0049265180816777665,-0.002146888731411556,-0.006356115591869882
2023-08-15,4478.8701171875,4478.8701171875,4432.18994140625,4437.85986328125,4437.85986328125,3832250000,-0.011550909428841738,-0.005866856901719397,-0.006930273539678677,-0.006681297111325035,-0.01367299964296298
2023-08-16,4433.7900390625,4449.9501953125,4403.5498046875,4404.330078125,4404.330078125,3753910000,-0.007555395210577687,-0.019019032953642934,-0.013377925689760706,-0.01443330779474672,-0.014186212481707372
